date,data,cols
2025-11-01 00:00:00+07:00,1.501990565,cpu_usage
2025-11-01 00:10:00+07:00,1.434456421,cpu_usage
2025-11-01 00:20:00+07:00,1.409294467,cpu_usage
2025-11-01 00:30:00+07:00,1.820059973,cpu_usage
2025-11-01 00:40:00+07:00,1.541310945,cpu_usage
2025-11-01 00:50:00+07:00,1.757930833,cpu_usage
2025-11-01 01:00:00+07:00,1.515080746,cpu_usage
2025-11-01 01:10:00+07:00,1.109534497,cpu_usage
2025-11-01 01:20:00+07:00,1.336315783,cpu_usage
2025-11-01 01:30:00+07:00,1.455552514,cpu_usage
2025-11-01 01:40:00+07:00,1.57204777,cpu_usage
2025-11-01 01:50:00+07:00,1.728350991,cpu_usage
2025-11-01 02:00:00+07:00,1.695795774,cpu_usage
2025-11-01 02:10:00+07:00,1.60691081,cpu_usage
2025-11-01 02:20:00+07:00,1.177581258,cpu_usage
2025-11-01 02:30:00+07:00,1.207088937,cpu_usage
2025-11-01 02:40:00+07:00,1.891105106,cpu_usage
2025-11-01 02:50:00+07:00,1.110045517,cpu_usage
2025-11-01 03:00:00+07:00,1.535343757,cpu_usage
2025-11-01 03:10:00+07:00,1.386912048,cpu_usage
2025-11-01 03:20:00+07:00,1.514237286,cpu_usage
2025-11-01 03:30:00+07:00,1.58643712,cpu_usage
2025-11-01 03:40:00+07:00,0.924226348,cpu_usage
2025-11-01 03:50:00+07:00,1.789020451,cpu_usage
2025-11-01 04:00:00+07:00,1.422812039,cpu_usage
2025-11-01 04:10:00+07:00,1.505270221,cpu_usage
2025-11-01 04:20:00+07:00,1.826179702,cpu_usage
2025-11-01 04:30:00+07:00,1.775286695,cpu_usage
2025-11-01 04:40:00+07:00,1.180383433,cpu_usage
2025-11-01 04:50:00+07:00,1.127603217,cpu_usage
2025-11-01 05:00:00+07:00,1.05301437,cpu_usage
2025-11-01 05:10:00+07:00,1.254939337,cpu_usage
2025-11-01 05:20:00+07:00,1.526408624,cpu_usage
2025-11-01 05:30:00+07:00,1.700992161,cpu_usage
2025-11-01 05:40:00+07:00,1.374566289,cpu_usage
2025-11-01 05:50:00+07:00,1.886240117,cpu_usage
2025-11-01 06:00:00+07:00,1.615235459,cpu_usage
2025-11-01 06:10:00+07:00,1.059940444,cpu_usage
2025-11-01 06:20:00+07:00,1.664259322,cpu_usage
2025-11-01 06:30:00+07:00,1.413014542,cpu_usage
2025-11-01 06:40:00+07:00,1.619205935,cpu_usage
2025-11-01 06:50:00+07:00,2.120734466,cpu_usage
2025-11-01 07:00:00+07:00,1.323698662,cpu_usage
2025-11-01 07:10:00+07:00,1.070230853,cpu_usage
2025-11-01 07:20:00+07:00,1.605572562,cpu_usage
2025-11-01 07:30:00+07:00,1.235341059,cpu_usage
2025-11-01 07:40:00+07:00,2.204187089,cpu_usage
2025-11-01 07:50:00+07:00,1.48303286,cpu_usage
2025-11-01 08:00:00+07:00,3.045356811,cpu_usage
2025-11-01 08:10:00+07:00,2.672836715,cpu_usage
2025-11-01 08:20:00+07:00,3.113441029,cpu_usage
2025-11-01 08:30:00+07:00,2.429037944,cpu_usage
2025-11-01 08:40:00+07:00,3.145909723,cpu_usage
2025-11-01 08:50:00+07:00,2.96149669,cpu_usage
2025-11-01 09:00:00+07:00,1.953809434,cpu_usage
2025-11-01 09:10:00+07:00,2.803155725,cpu_usage
2025-11-01 09:20:00+07:00,2.631784367,cpu_usage
2025-11-01 09:30:00+07:00,2.160407062,cpu_usage
2025-11-01 09:40:00+07:00,2.691531461,cpu_usage
2025-11-01 09:50:00+07:00,2.804832468,cpu_usage
2025-11-01 10:00:00+07:00,2.804564249,cpu_usage
2025-11-01 10:10:00+07:00,2.758115438,cpu_usage
2025-11-01 10:20:00+07:00,2.966476884,cpu_usage
2025-11-01 10:30:00+07:00,2.202455932,cpu_usage
2025-11-01 10:40:00+07:00,2.688206087,cpu_usage
2025-11-01 10:50:00+07:00,2.609995845,cpu_usage
2025-11-01 11:00:00+07:00,3.443593591,cpu_usage
2025-11-01 11:10:00+07:00,3.365508822,cpu_usage
2025-11-01 11:20:00+07:00,4.694337133,cpu_usage
2025-11-01 11:30:00+07:00,4.561554071,cpu_usage
2025-11-01 11:40:00+07:00,2.886116249,cpu_usage
2025-11-01 11:50:00+07:00,3.377688951,cpu_usage
2025-11-01 12:00:00+07:00,3.62706399,cpu_usage
2025-11-01 12:10:00+07:00,5.024325351,cpu_usage
2025-11-01 12:20:00+07:00,3.635422717,cpu_usage
2025-11-01 12:30:00+07:00,4.643018749,cpu_usage
2025-11-01 12:40:00+07:00,3.839789254,cpu_usage
2025-11-01 12:50:00+07:00,5.173067453,cpu_usage
2025-11-01 13:00:00+07:00,4.785625082,cpu_usage
2025-11-01 13:10:00+07:00,4.395105311,cpu_usage
2025-11-01 13:20:00+07:00,4.026407937,cpu_usage
2025-11-01 13:30:00+07:00,3.851020602,cpu_usage
2025-11-01 13:40:00+07:00,4.773988134,cpu_usage
2025-11-01 13:50:00+07:00,3.33756825,cpu_usage
2025-11-01 14:00:00+07:00,4.150405291,cpu_usage
2025-11-01 14:10:00+07:00,3.307040057,cpu_usage
2025-11-01 14:20:00+07:00,4.891147771,cpu_usage
2025-11-01 14:30:00+07:00,4.965918357,cpu_usage
2025-11-01 14:40:00+07:00,4.952092529,cpu_usage
2025-11-01 14:50:00+07:00,4.235629936,cpu_usage
2025-11-01 15:00:00+07:00,6.142088946,cpu_usage
2025-11-01 15:10:00+07:00,6.474500725,cpu_usage
2025-11-01 15:20:00+07:00,6.524113065,cpu_usage
2025-11-01 15:30:00+07:00,5.783037772,cpu_usage
2025-11-01 15:40:00+07:00,6.863095148,cpu_usage
2025-11-01 15:50:00+07:00,5.897885756,cpu_usage
2025-11-01 16:00:00+07:00,6.448856724,cpu_usage
2025-11-01 16:10:00+07:00,6.656877976,cpu_usage
2025-11-01 16:20:00+07:00,6.166019945,cpu_usage
2025-11-01 16:30:00+07:00,6.85337582,cpu_usage
2025-11-01 16:40:00+07:00,5.944023294,cpu_usage
2025-11-01 16:50:00+07:00,6.779711936,cpu_usage
2025-11-01 17:00:00+07:00,6.636705162,cpu_usage
2025-11-01 17:10:00+07:00,5.846954357,cpu_usage
2025-11-01 17:20:00+07:00,5.793875968,cpu_usage
2025-11-01 17:30:00+07:00,6.173001535,cpu_usage
2025-11-01 17:40:00+07:00,6.523023052,cpu_usage
2025-11-01 17:50:00+07:00,6.640195374,cpu_usage
2025-11-01 18:00:00+07:00,3.982448038,cpu_usage
2025-11-01 18:10:00+07:00,3.668543841,cpu_usage
2025-11-01 18:20:00+07:00,4.106711811,cpu_usage
2025-11-01 18:30:00+07:00,3.955454044,cpu_usage
2025-11-01 18:40:00+07:00,3.600299109,cpu_usage
2025-11-01 18:50:00+07:00,3.819730448,cpu_usage
2025-11-01 19:00:00+07:00,3.605676124,cpu_usage
2025-11-01 19:10:00+07:00,3.391530575,cpu_usage
2025-11-01 19:20:00+07:00,3.16954059,cpu_usage
2025-11-01 19:30:00+07:00,4.066068476,cpu_usage
2025-11-01 19:40:00+07:00,3.335079284,cpu_usage
2025-11-01 19:50:00+07:00,3.90427141,cpu_usage
2025-11-01 20:00:00+07:00,3.202639858,cpu_usage
2025-11-01 20:10:00+07:00,3.437339133,cpu_usage
2025-11-01 20:20:00+07:00,3.641800391,cpu_usage
2025-11-01 20:30:00+07:00,4.150950117,cpu_usage
2025-11-01 20:40:00+07:00,3.403775196,cpu_usage
2025-11-01 20:50:00+07:00,3.204517338,cpu_usage
2025-11-01 21:00:00+07:00,3.020402882,cpu_usage
2025-11-01 21:10:00+07:00,3.617934545,cpu_usage
2025-11-01 21:20:00+07:00,3.702145856,cpu_usage
2025-11-01 21:30:00+07:00,3.443325374,cpu_usage
2025-11-01 21:40:00+07:00,3.677491281,cpu_usage
2025-11-01 21:50:00+07:00,3.448838589,cpu_usage
2025-11-01 22:00:00+07:00,2.255828553,cpu_usage
2025-11-01 22:10:00+07:00,2.328624292,cpu_usage
2025-11-01 22:20:00+07:00,2.503952873,cpu_usage
2025-11-01 22:30:00+07:00,2.824849105,cpu_usage
2025-11-01 22:40:00+07:00,2.493356731,cpu_usage
2025-11-01 22:50:00+07:00,2.160784787,cpu_usage
2025-11-01 23:00:00+07:00,2.74721277,cpu_usage
2025-11-01 23:10:00+07:00,2.461903165,cpu_usage
2025-11-01 23:20:00+07:00,3.205001027,cpu_usage
2025-11-01 23:30:00+07:00,1.957297737,cpu_usage
2025-11-01 23:40:00+07:00,1.997169492,cpu_usage
2025-11-01 23:50:00+07:00,1.998691805,cpu_usage
2025-11-02 00:00:00+07:00,1.873732166,cpu_usage
2025-11-02 00:10:00+07:00,1.376952705,cpu_usage
2025-11-02 00:20:00+07:00,1.791179223,cpu_usage
2025-11-02 00:30:00+07:00,1.65261605,cpu_usage
2025-11-02 00:40:00+07:00,1.149758829,cpu_usage
2025-11-02 00:50:00+07:00,1.561935553,cpu_usage
2025-11-02 01:00:00+07:00,1.257232324,cpu_usage
2025-11-02 01:10:00+07:00,1.078722256,cpu_usage
2025-11-02 01:20:00+07:00,1.625250807,cpu_usage
2025-11-02 01:30:00+07:00,1.696219713,cpu_usage
2025-11-02 01:40:00+07:00,1.275643673,cpu_usage
2025-11-02 01:50:00+07:00,1.999163225,cpu_usage
2025-11-02 02:00:00+07:00,1.085544698,cpu_usage
2025-11-02 02:10:00+07:00,1.071903254,cpu_usage
2025-11-02 02:20:00+07:00,1.944881169,cpu_usage
2025-11-02 02:30:00+07:00,1.86405881,cpu_usage
2025-11-02 02:40:00+07:00,1.8062339,cpu_usage
2025-11-02 02:50:00+07:00,1.566621923,cpu_usage
2025-11-02 03:00:00+07:00,1.01300248,cpu_usage
2025-11-02 03:10:00+07:00,1.966892031,cpu_usage
2025-11-02 03:20:00+07:00,0.998304566,cpu_usage
2025-11-02 03:30:00+07:00,1.677349138,cpu_usage
2025-11-02 03:40:00+07:00,1.544265625,cpu_usage
2025-11-02 03:50:00+07:00,1.465346082,cpu_usage
2025-11-02 04:00:00+07:00,2.035568825,cpu_usage
2025-11-02 04:10:00+07:00,1.928475983,cpu_usage
2025-11-02 04:20:00+07:00,0.836782855,cpu_usage
2025-11-02 04:30:00+07:00,1.592893988,cpu_usage
2025-11-02 04:40:00+07:00,2.022873833,cpu_usage
2025-11-02 04:50:00+07:00,1.069810145,cpu_usage
2025-11-02 05:00:00+07:00,0.901254967,cpu_usage
2025-11-02 05:10:00+07:00,2.022827355,cpu_usage
2025-11-02 05:20:00+07:00,1.433676909,cpu_usage
2025-11-02 05:30:00+07:00,2.064225622,cpu_usage
2025-11-02 05:40:00+07:00,1.155790157,cpu_usage
2025-11-02 05:50:00+07:00,1.034284219,cpu_usage
2025-11-02 06:00:00+07:00,1.620471381,cpu_usage
2025-11-02 06:10:00+07:00,1.427176347,cpu_usage
2025-11-02 06:20:00+07:00,2.129087552,cpu_usage
2025-11-02 06:30:00+07:00,1.832137672,cpu_usage
2025-11-02 06:40:00+07:00,1.171655599,cpu_usage
2025-11-02 06:50:00+07:00,1.936699047,cpu_usage
2025-11-02 07:00:00+07:00,0.886967444,cpu_usage
2025-11-02 07:10:00+07:00,0.607461536,cpu_usage
2025-11-02 07:20:00+07:00,1.249128591,cpu_usage
2025-11-02 07:30:00+07:00,1.685078509,cpu_usage
2025-11-02 07:40:00+07:00,1.465725519,cpu_usage
2025-11-02 07:50:00+07:00,1.182817676,cpu_usage
2025-11-02 08:00:00+07:00,2.506028106,cpu_usage
2025-11-02 08:10:00+07:00,2.866571573,cpu_usage
2025-11-02 08:20:00+07:00,2.488926839,cpu_usage
2025-11-02 08:30:00+07:00,2.669838251,cpu_usage
2025-11-02 08:40:00+07:00,2.093795938,cpu_usage
2025-11-02 08:50:00+07:00,2.629366671,cpu_usage
2025-11-02 09:00:00+07:00,2.908173302,cpu_usage
2025-11-02 09:10:00+07:00,2.651044794,cpu_usage
2025-11-02 09:20:00+07:00,2.653526538,cpu_usage
2025-11-02 09:30:00+07:00,2.839197315,cpu_usage
2025-11-02 09:40:00+07:00,2.887568346,cpu_usage
2025-11-02 09:50:00+07:00,2.099210195,cpu_usage
2025-11-02 10:00:00+07:00,2.295115874,cpu_usage
2025-11-02 10:10:00+07:00,3.182508473,cpu_usage
2025-11-02 10:20:00+07:00,2.259761167,cpu_usage
2025-11-02 10:30:00+07:00,2.058312607,cpu_usage
2025-11-02 10:40:00+07:00,1.918993883,cpu_usage
2025-11-02 10:50:00+07:00,2.877389037,cpu_usage
2025-11-02 11:00:00+07:00,3.546337691,cpu_usage
2025-11-02 11:10:00+07:00,3.721950091,cpu_usage
2025-11-02 11:20:00+07:00,4.939436578,cpu_usage
2025-11-02 11:30:00+07:00,4.302013191,cpu_usage
2025-11-02 11:40:00+07:00,3.150852948,cpu_usage
2025-11-02 11:50:00+07:00,4.01723879,cpu_usage
2025-11-02 12:00:00+07:00,4.780679299,cpu_usage
2025-11-02 12:10:00+07:00,4.288802409,cpu_usage
2025-11-02 12:20:00+07:00,4.242055685,cpu_usage
2025-11-02 12:30:00+07:00,3.005587256,cpu_usage
2025-11-02 12:40:00+07:00,3.269612323,cpu_usage
2025-11-02 12:50:00+07:00,3.622002133,cpu_usage
2025-11-02 13:00:00+07:00,3.05091955,cpu_usage
2025-11-02 13:10:00+07:00,4.985787777,cpu_usage
2025-11-02 13:20:00+07:00,3.795610254,cpu_usage
2025-11-02 13:30:00+07:00,4.53101101,cpu_usage
2025-11-02 13:40:00+07:00,4.19977476,cpu_usage
2025-11-02 13:50:00+07:00,3.389731247,cpu_usage
2025-11-02 14:00:00+07:00,3.58968366,cpu_usage
2025-11-02 14:10:00+07:00,3.503574694,cpu_usage
2025-11-02 14:20:00+07:00,3.44172845,cpu_usage
2025-11-02 14:30:00+07:00,3.524052187,cpu_usage
2025-11-02 14:40:00+07:00,3.454759495,cpu_usage
2025-11-02 14:50:00+07:00,4.056992083,cpu_usage
2025-11-02 15:00:00+07:00,6.322180498,cpu_usage
2025-11-02 15:10:00+07:00,5.969523322,cpu_usage
2025-11-02 15:20:00+07:00,5.563940379,cpu_usage
2025-11-02 15:30:00+07:00,5.698029025,cpu_usage
2025-11-02 15:40:00+07:00,5.059871339,cpu_usage
2025-11-02 15:50:00+07:00,6.325872418,cpu_usage
2025-11-02 16:00:00+07:00,5.67245095,cpu_usage
2025-11-02 16:10:00+07:00,6.126389237,cpu_usage
2025-11-02 16:20:00+07:00,5.385753873,cpu_usage
2025-11-02 16:30:00+07:00,5.93064712,cpu_usage
2025-11-02 16:40:00+07:00,6.194357194,cpu_usage
2025-11-02 16:50:00+07:00,6.396434245,cpu_usage
2025-11-02 17:00:00+07:00,5.817836666,cpu_usage
2025-11-02 17:10:00+07:00,6.376793978,cpu_usage
2025-11-02 17:20:00+07:00,6.038570648,cpu_usage
2025-11-02 17:30:00+07:00,6.82833938,cpu_usage
2025-11-02 17:40:00+07:00,5.845050517,cpu_usage
2025-11-02 17:50:00+07:00,6.761413055,cpu_usage
2025-11-02 18:00:00+07:00,3.895385204,cpu_usage
2025-11-02 18:10:00+07:00,4.372194823,cpu_usage
2025-11-02 18:20:00+07:00,3.894665926,cpu_usage
2025-11-02 18:30:00+07:00,3.370386809,cpu_usage
2025-11-02 18:40:00+07:00,3.864730084,cpu_usage
2025-11-02 18:50:00+07:00,3.402769538,cpu_usage
2025-11-02 19:00:00+07:00,3.871558991,cpu_usage
2025-11-02 19:10:00+07:00,3.649805367,cpu_usage
2025-11-02 19:20:00+07:00,3.725836823,cpu_usage
2025-11-02 19:30:00+07:00,3.610040339,cpu_usage
2025-11-02 19:40:00+07:00,3.898984498,cpu_usage
2025-11-02 19:50:00+07:00,3.910205646,cpu_usage
2025-11-02 20:00:00+07:00,3.458093563,cpu_usage
2025-11-02 20:10:00+07:00,4.195407917,cpu_usage
2025-11-02 20:20:00+07:00,3.496336528,cpu_usage
2025-11-02 20:30:00+07:00,3.033204629,cpu_usage
2025-11-02 20:40:00+07:00,3.608035727,cpu_usage
2025-11-02 20:50:00+07:00,3.248782402,cpu_usage
2025-11-02 21:00:00+07:00,3.783331345,cpu_usage
2025-11-02 21:10:00+07:00,4.065713114,cpu_usage
2025-11-02 21:20:00+07:00,2.673614846,cpu_usage
2025-11-02 21:30:00+07:00,3.106222221,cpu_usage
2025-11-02 21:40:00+07:00,3.007303433,cpu_usage
2025-11-02 21:50:00+07:00,4.027069539,cpu_usage
2025-11-02 22:00:00+07:00,1.886368699,cpu_usage
2025-11-02 22:10:00+07:00,2.122082306,cpu_usage
2025-11-02 22:20:00+07:00,2.493959148,cpu_usage
2025-11-02 22:30:00+07:00,2.9907797,cpu_usage
2025-11-02 22:40:00+07:00,2.855311277,cpu_usage
2025-11-02 22:50:00+07:00,2.612002725,cpu_usage
2025-11-02 23:00:00+07:00,2.05295255,cpu_usage
2025-11-02 23:10:00+07:00,2.008806304,cpu_usage
2025-11-02 23:20:00+07:00,2.961210949,cpu_usage
2025-11-02 23:30:00+07:00,2.488795551,cpu_usage
2025-11-02 23:40:00+07:00,2.101376495,cpu_usage
2025-11-02 23:50:00+07:00,2.301361468,cpu_usage
2025-11-03 00:00:00+07:00,2.068289359,cpu_usage
2025-11-03 00:10:00+07:00,1.650844198,cpu_usage
2025-11-03 00:20:00+07:00,1.635565397,cpu_usage
2025-11-03 00:30:00+07:00,1.880225519,cpu_usage
2025-11-03 00:40:00+07:00,1.791343211,cpu_usage
2025-11-03 00:50:00+07:00,1.473385308,cpu_usage
2025-11-03 01:00:00+07:00,1.592265719,cpu_usage
2025-11-03 01:10:00+07:00,1.570476678,cpu_usage
2025-11-03 01:20:00+07:00,1.692185018,cpu_usage
2025-11-03 01:30:00+07:00,1.081336718,cpu_usage
2025-11-03 01:40:00+07:00,2.083762905,cpu_usage
2025-11-03 01:50:00+07:00,0.946539642,cpu_usage
2025-11-03 02:00:00+07:00,1.043908703,cpu_usage
2025-11-03 02:10:00+07:00,1.877447782,cpu_usage
2025-11-03 02:20:00+07:00,1.129763336,cpu_usage
2025-11-03 02:30:00+07:00,1.438257425,cpu_usage
2025-11-03 02:40:00+07:00,1.333981018,cpu_usage
2025-11-03 02:50:00+07:00,1.477671347,cpu_usage
2025-11-03 03:00:00+07:00,1.043059181,cpu_usage
2025-11-03 03:10:00+07:00,1.333122847,cpu_usage
2025-11-03 03:20:00+07:00,1.04929158,cpu_usage
2025-11-03 03:30:00+07:00,1.63180561,cpu_usage
2025-11-03 03:40:00+07:00,1.321046312,cpu_usage
2025-11-03 03:50:00+07:00,1.519065576,cpu_usage
2025-11-03 04:00:00+07:00,1.791894765,cpu_usage
2025-11-03 04:10:00+07:00,1.496276856,cpu_usage
2025-11-03 04:20:00+07:00,1.685018645,cpu_usage
2025-11-03 04:30:00+07:00,1.356140642,cpu_usage
2025-11-03 04:40:00+07:00,1.351305469,cpu_usage
2025-11-03 04:50:00+07:00,2.13469922,cpu_usage
2025-11-03 05:00:00+07:00,1.737651645,cpu_usage
2025-11-03 05:10:00+07:00,1.190297462,cpu_usage
2025-11-03 05:20:00+07:00,1.027883981,cpu_usage
2025-11-03 05:30:00+07:00,0.655350214,cpu_usage
2025-11-03 05:40:00+07:00,1.453313077,cpu_usage
2025-11-03 05:50:00+07:00,1.0719553,cpu_usage
2025-11-03 06:00:00+07:00,1.422145019,cpu_usage
2025-11-03 06:10:00+07:00,2.005605061,cpu_usage
2025-11-03 06:20:00+07:00,1.813128347,cpu_usage
2025-11-03 06:30:00+07:00,0.915431526,cpu_usage
2025-11-03 06:40:00+07:00,1.507675327,cpu_usage
2025-11-03 06:50:00+07:00,1.067198099,cpu_usage
2025-11-03 07:00:00+07:00,1.543196694,cpu_usage
2025-11-03 07:10:00+07:00,1.256433168,cpu_usage
2025-11-03 07:20:00+07:00,1.507459645,cpu_usage
2025-11-03 07:30:00+07:00,1.602616149,cpu_usage
2025-11-03 07:40:00+07:00,1.296001699,cpu_usage
2025-11-03 07:50:00+07:00,1.006927643,cpu_usage
2025-11-03 08:00:00+07:00,3.13261453,cpu_usage
2025-11-03 08:10:00+07:00,2.522714082,cpu_usage
2025-11-03 08:20:00+07:00,2.448250093,cpu_usage
2025-11-03 08:30:00+07:00,2.43005199,cpu_usage
2025-11-03 08:40:00+07:00,2.220722475,cpu_usage
2025-11-03 08:50:00+07:00,2.928890481,cpu_usage
2025-11-03 09:00:00+07:00,2.425385576,cpu_usage
2025-11-03 09:10:00+07:00,2.622864657,cpu_usage
2025-11-03 09:20:00+07:00,2.384780933,cpu_usage
2025-11-03 09:30:00+07:00,2.841277964,cpu_usage
2025-11-03 09:40:00+07:00,3.060369962,cpu_usage
2025-11-03 09:50:00+07:00,2.503531381,cpu_usage
2025-11-03 10:00:00+07:00,2.752344026,cpu_usage
2025-11-03 10:10:00+07:00,2.327772419,cpu_usage
2025-11-03 10:20:00+07:00,2.829004408,cpu_usage
2025-11-03 10:30:00+07:00,2.73234462,cpu_usage
2025-11-03 10:40:00+07:00,2.66226294,cpu_usage
2025-11-03 10:50:00+07:00,2.542018701,cpu_usage
2025-11-03 11:00:00+07:00,4.270577848,cpu_usage
2025-11-03 11:10:00+07:00,3.219003463,cpu_usage
2025-11-03 11:20:00+07:00,4.989994423,cpu_usage
2025-11-03 11:30:00+07:00,4.999686844,cpu_usage
2025-11-03 11:40:00+07:00,3.166705751,cpu_usage
2025-11-03 11:50:00+07:00,4.133208543,cpu_usage
2025-11-03 12:00:00+07:00,4.385718547,cpu_usage
2025-11-03 12:10:00+07:00,3.693478159,cpu_usage
2025-11-03 12:20:00+07:00,3.127166725,cpu_usage
2025-11-03 12:30:00+07:00,4.041574031,cpu_usage
2025-11-03 12:40:00+07:00,4.467509245,cpu_usage
2025-11-03 12:50:00+07:00,3.352103267,cpu_usage
2025-11-03 13:00:00+07:00,3.938097873,cpu_usage
2025-11-03 13:10:00+07:00,4.228675182,cpu_usage
2025-11-03 13:20:00+07:00,4.029582673,cpu_usage
2025-11-03 13:30:00+07:00,3.774027035,cpu_usage
2025-11-03 13:40:00+07:00,4.79232176,cpu_usage
2025-11-03 13:50:00+07:00,4.566737856,cpu_usage
2025-11-03 14:00:00+07:00,4.463431374,cpu_usage
2025-11-03 14:10:00+07:00,5.003790192,cpu_usage
2025-11-03 14:20:00+07:00,5.083263471,cpu_usage
2025-11-03 14:30:00+07:00,2.985235494,cpu_usage
2025-11-03 14:40:00+07:00,3.480617021,cpu_usage
2025-11-03 14:50:00+07:00,4.439919697,cpu_usage
2025-11-03 15:00:00+07:00,5.490794602,cpu_usage
2025-11-03 15:10:00+07:00,5.257817496,cpu_usage
2025-11-03 15:20:00+07:00,6.748663969,cpu_usage
2025-11-03 15:30:00+07:00,5.799841667,cpu_usage
2025-11-03 15:40:00+07:00,5.634758815,cpu_usage
2025-11-03 15:50:00+07:00,6.049343763,cpu_usage
2025-11-03 16:00:00+07:00,6.227054949,cpu_usage
2025-11-03 16:10:00+07:00,5.551556354,cpu_usage
2025-11-03 16:20:00+07:00,5.416063998,cpu_usage
2025-11-03 16:30:00+07:00,7.005516558,cpu_usage
2025-11-03 16:40:00+07:00,6.082983604,cpu_usage
2025-11-03 16:50:00+07:00,5.320233326,cpu_usage
2025-11-03 17:00:00+07:00,5.521714521,cpu_usage
2025-11-03 17:10:00+07:00,6.046266082,cpu_usage
2025-11-03 17:20:00+07:00,6.679126447,cpu_usage
2025-11-03 17:30:00+07:00,6.458966778,cpu_usage
2025-11-03 17:40:00+07:00,5.29076206,cpu_usage
2025-11-03 17:50:00+07:00,6.478950528,cpu_usage
2025-11-03 18:00:00+07:00,3.40902675,cpu_usage
2025-11-03 18:10:00+07:00,3.150621541,cpu_usage
2025-11-03 18:20:00+07:00,3.172809838,cpu_usage
2025-11-03 18:30:00+07:00,3.082080135,cpu_usage
2025-11-03 18:40:00+07:00,4.229174677,cpu_usage
2025-11-03 18:50:00+07:00,3.362720589,cpu_usage
2025-11-03 19:00:00+07:00,3.108441597,cpu_usage
2025-11-03 19:10:00+07:00,3.481420173,cpu_usage
2025-11-03 19:20:00+07:00,3.62245138,cpu_usage
2025-11-03 19:30:00+07:00,3.33024201,cpu_usage
2025-11-03 19:40:00+07:00,3.485050704,cpu_usage
2025-11-03 19:50:00+07:00,3.826376766,cpu_usage
2025-11-03 20:00:00+07:00,3.909900023,cpu_usage
2025-11-03 20:10:00+07:00,3.447244045,cpu_usage
2025-11-03 20:20:00+07:00,2.998739244,cpu_usage
2025-11-03 20:30:00+07:00,3.426716442,cpu_usage
2025-11-03 20:40:00+07:00,3.303881018,cpu_usage
2025-11-03 20:50:00+07:00,3.851981777,cpu_usage
2025-11-03 21:00:00+07:00,3.123663963,cpu_usage
2025-11-03 21:10:00+07:00,3.621787362,cpu_usage
2025-11-03 21:20:00+07:00,3.519471707,cpu_usage
2025-11-03 21:30:00+07:00,3.497741698,cpu_usage
2025-11-03 21:40:00+07:00,4.175633753,cpu_usage
2025-11-03 21:50:00+07:00,3.893293836,cpu_usage
2025-11-03 22:00:00+07:00,1.983094668,cpu_usage
2025-11-03 22:10:00+07:00,2.502214747,cpu_usage
2025-11-03 22:20:00+07:00,2.854526196,cpu_usage
2025-11-03 22:30:00+07:00,3.049897319,cpu_usage
2025-11-03 22:40:00+07:00,2.196492866,cpu_usage
2025-11-03 22:50:00+07:00,2.65288899,cpu_usage
2025-11-03 23:00:00+07:00,2.038357571,cpu_usage
2025-11-03 23:10:00+07:00,3.03073096,cpu_usage
2025-11-03 23:20:00+07:00,2.283444712,cpu_usage
2025-11-03 23:30:00+07:00,1.96910016,cpu_usage
2025-11-03 23:40:00+07:00,2.593080765,cpu_usage
2025-11-03 23:50:00+07:00,2.097974693,cpu_usage
2025-11-04 00:00:00+07:00,1.578237903,cpu_usage
2025-11-04 00:10:00+07:00,1.435641727,cpu_usage
2025-11-04 00:20:00+07:00,1.889197079,cpu_usage
2025-11-04 00:30:00+07:00,1.335192952,cpu_usage
2025-11-04 00:40:00+07:00,0.841867288,cpu_usage
2025-11-04 00:50:00+07:00,1.092738213,cpu_usage
2025-11-04 01:00:00+07:00,1.262192265,cpu_usage
2025-11-04 01:10:00+07:00,1.330987595,cpu_usage
2025-11-04 01:20:00+07:00,1.671260692,cpu_usage
2025-11-04 01:30:00+07:00,1.622525376,cpu_usage
2025-11-04 01:40:00+07:00,1.501904215,cpu_usage
2025-11-04 01:50:00+07:00,1.444277268,cpu_usage
2025-11-04 02:00:00+07:00,1.013649315,cpu_usage
2025-11-04 02:10:00+07:00,1.798989641,cpu_usage
2025-11-04 02:20:00+07:00,2.080555159,cpu_usage
2025-11-04 02:30:00+07:00,1.633611866,cpu_usage
2025-11-04 02:40:00+07:00,1.204758587,cpu_usage
2025-11-04 02:50:00+07:00,0.815888204,cpu_usage
2025-11-04 03:00:00+07:00,1.460185215,cpu_usage
2025-11-04 03:10:00+07:00,1.635153028,cpu_usage
2025-11-04 03:20:00+07:00,1.503603681,cpu_usage
2025-11-04 03:30:00+07:00,1.968237475,cpu_usage
2025-11-04 03:40:00+07:00,1.57283377,cpu_usage
2025-11-04 03:50:00+07:00,1.746880543,cpu_usage
2025-11-04 04:00:00+07:00,1.69793722,cpu_usage
2025-11-04 04:10:00+07:00,2.194875658,cpu_usage
2025-11-04 04:20:00+07:00,1.215389679,cpu_usage
2025-11-04 04:30:00+07:00,1.260641969,cpu_usage
2025-11-04 04:40:00+07:00,1.054726907,cpu_usage
2025-11-04 04:50:00+07:00,1.420863194,cpu_usage
2025-11-04 05:00:00+07:00,1.703956846,cpu_usage
2025-11-04 05:10:00+07:00,1.966590191,cpu_usage
2025-11-04 05:20:00+07:00,1.278052883,cpu_usage
2025-11-04 05:30:00+07:00,1.863337709,cpu_usage
2025-11-04 05:40:00+07:00,1.638760233,cpu_usage
2025-11-04 05:50:00+07:00,1.21391507,cpu_usage
2025-11-04 06:00:00+07:00,1.561067011,cpu_usage
2025-11-04 06:10:00+07:00,1.818691375,cpu_usage
2025-11-04 06:20:00+07:00,1.500924554,cpu_usage
2025-11-04 06:30:00+07:00,1.056724887,cpu_usage
2025-11-04 06:40:00+07:00,1.234224653,cpu_usage
2025-11-04 06:50:00+07:00,1.828147215,cpu_usage
2025-11-04 07:00:00+07:00,1.794410385,cpu_usage
2025-11-04 07:10:00+07:00,2.043500014,cpu_usage
2025-11-04 07:20:00+07:00,1.317556534,cpu_usage
2025-11-04 07:30:00+07:00,1.043964582,cpu_usage
2025-11-04 07:40:00+07:00,1.374056328,cpu_usage
2025-11-04 07:50:00+07:00,2.043820574,cpu_usage
2025-11-04 08:00:00+07:00,2.22254044,cpu_usage
2025-11-04 08:10:00+07:00,2.415031727,cpu_usage
2025-11-04 08:20:00+07:00,2.946245229,cpu_usage
2025-11-04 08:30:00+07:00,2.720960181,cpu_usage
2025-11-04 08:40:00+07:00,2.726258516,cpu_usage
2025-11-04 08:50:00+07:00,2.591762042,cpu_usage
2025-11-04 09:00:00+07:00,2.198908742,cpu_usage
2025-11-04 09:10:00+07:00,3.063637672,cpu_usage
2025-11-04 09:20:00+07:00,2.571765012,cpu_usage
2025-11-04 09:30:00+07:00,2.504608879,cpu_usage
2025-11-04 09:40:00+07:00,2.806592389,cpu_usage
2025-11-04 09:50:00+07:00,2.392350058,cpu_usage
2025-11-04 10:00:00+07:00,2.621122464,cpu_usage
2025-11-04 10:10:00+07:00,2.408126987,cpu_usage
2025-11-04 10:20:00+07:00,2.316604319,cpu_usage
2025-11-04 10:30:00+07:00,2.485180016,cpu_usage
2025-11-04 10:40:00+07:00,3.058222872,cpu_usage
2025-11-04 10:50:00+07:00,1.865167923,cpu_usage
2025-11-04 11:00:00+07:00,4.218263968,cpu_usage
2025-11-04 11:10:00+07:00,3.377131805,cpu_usage
2025-11-04 11:20:00+07:00,4.238312468,cpu_usage
2025-11-04 11:30:00+07:00,4.872494472,cpu_usage
2025-11-04 11:40:00+07:00,3.612048124,cpu_usage
2025-11-04 11:50:00+07:00,3.205759919,cpu_usage
2025-11-04 12:00:00+07:00,3.290047762,cpu_usage
2025-11-04 12:10:00+07:00,4.19929534,cpu_usage
2025-11-04 12:20:00+07:00,3.278587805,cpu_usage
2025-11-04 12:30:00+07:00,4.543935166,cpu_usage
2025-11-04 12:40:00+07:00,4.205342651,cpu_usage
2025-11-04 12:50:00+07:00,4.071236254,cpu_usage
2025-11-04 13:00:00+07:00,4.916921127,cpu_usage
2025-11-04 13:10:00+07:00,3.729363035,cpu_usage
2025-11-04 13:20:00+07:00,4.191849198,cpu_usage
2025-11-04 13:30:00+07:00,2.591720211,cpu_usage
2025-11-04 13:40:00+07:00,3.175956975,cpu_usage
2025-11-04 13:50:00+07:00,4.542799968,cpu_usage
2025-11-04 14:00:00+07:00,3.822892872,cpu_usage
2025-11-04 14:10:00+07:00,4.533425353,cpu_usage
2025-11-04 14:20:00+07:00,3.841447988,cpu_usage
2025-11-04 14:30:00+07:00,3.889328188,cpu_usage
2025-11-04 14:40:00+07:00,4.634282251,cpu_usage
2025-11-04 14:50:00+07:00,4.272318057,cpu_usage
2025-11-04 15:00:00+07:00,6.30063044,cpu_usage
2025-11-04 15:10:00+07:00,5.375839996,cpu_usage
2025-11-04 15:20:00+07:00,5.956513004,cpu_usage
2025-11-04 15:30:00+07:00,6.718931959,cpu_usage
2025-11-04 15:40:00+07:00,5.981560932,cpu_usage
2025-11-04 15:50:00+07:00,5.869882034,cpu_usage
2025-11-04 16:00:00+07:00,6.492539969,cpu_usage
2025-11-04 16:10:00+07:00,6.161711369,cpu_usage
2025-11-04 16:20:00+07:00,5.356110361,cpu_usage
2025-11-04 16:30:00+07:00,6.271956265,cpu_usage
2025-11-04 16:40:00+07:00,5.279068111,cpu_usage
2025-11-04 16:50:00+07:00,5.777502559,cpu_usage
2025-11-04 17:00:00+07:00,5.91707177,cpu_usage
2025-11-04 17:10:00+07:00,6.673121313,cpu_usage
2025-11-04 17:20:00+07:00,6.513509446,cpu_usage
2025-11-04 17:30:00+07:00,6.469829174,cpu_usage
2025-11-04 17:40:00+07:00,5.655737268,cpu_usage
2025-11-04 17:50:00+07:00,7.031443982,cpu_usage
2025-11-04 18:00:00+07:00,3.969618552,cpu_usage
2025-11-04 18:10:00+07:00,3.223734808,cpu_usage
2025-11-04 18:20:00+07:00,3.738483658,cpu_usage
2025-11-04 18:30:00+07:00,3.27678857,cpu_usage
2025-11-04 18:40:00+07:00,3.281665572,cpu_usage
2025-11-04 18:50:00+07:00,3.877544871,cpu_usage
2025-11-04 19:00:00+07:00,2.945576325,cpu_usage
2025-11-04 19:10:00+07:00,3.599791481,cpu_usage
2025-11-04 19:20:00+07:00,2.696272466,cpu_usage
2025-11-04 19:30:00+07:00,3.424423074,cpu_usage
2025-11-04 19:40:00+07:00,3.664031859,cpu_usage
2025-11-04 19:50:00+07:00,3.999260912,cpu_usage
2025-11-04 20:00:00+07:00,3.353107537,cpu_usage
2025-11-04 20:10:00+07:00,3.740167357,cpu_usage
2025-11-04 20:20:00+07:00,3.87547318,cpu_usage
2025-11-04 20:30:00+07:00,3.35478166,cpu_usage
2025-11-04 20:40:00+07:00,3.586367579,cpu_usage
2025-11-04 20:50:00+07:00,4.04999392,cpu_usage
2025-11-04 21:00:00+07:00,3.72046127,cpu_usage
2025-11-04 21:10:00+07:00,2.949290044,cpu_usage
2025-11-04 21:20:00+07:00,4.058704484,cpu_usage
2025-11-04 21:30:00+07:00,3.408367408,cpu_usage
2025-11-04 21:40:00+07:00,3.414011956,cpu_usage
2025-11-04 21:50:00+07:00,3.448232814,cpu_usage
2025-11-04 22:00:00+07:00,3.008870591,cpu_usage
2025-11-04 22:10:00+07:00,1.874216152,cpu_usage
2025-11-04 22:20:00+07:00,1.918178849,cpu_usage
2025-11-04 22:30:00+07:00,2.656957838,cpu_usage
2025-11-04 22:40:00+07:00,2.590812758,cpu_usage
2025-11-04 22:50:00+07:00,2.799723557,cpu_usage
2025-11-04 23:00:00+07:00,2.206998651,cpu_usage
2025-11-04 23:10:00+07:00,3.043108431,cpu_usage
2025-11-04 23:20:00+07:00,2.581186845,cpu_usage
2025-11-04 23:30:00+07:00,1.956138339,cpu_usage
2025-11-04 23:40:00+07:00,2.300854761,cpu_usage
2025-11-04 23:50:00+07:00,2.790386758,cpu_usage
2025-11-05 00:00:00+07:00,1.849110045,cpu_usage
2025-11-05 00:10:00+07:00,1.183484708,cpu_usage
2025-11-05 00:20:00+07:00,1.374354829,cpu_usage
2025-11-05 00:30:00+07:00,2.405193421,cpu_usage
2025-11-05 00:40:00+07:00,1.639883845,cpu_usage
2025-11-05 00:50:00+07:00,1.015141338,cpu_usage
2025-11-05 01:00:00+07:00,1.628940345,cpu_usage
2025-11-05 01:10:00+07:00,1.677030687,cpu_usage
2025-11-05 01:20:00+07:00,1.679650808,cpu_usage
2025-11-05 01:30:00+07:00,0.946790534,cpu_usage
2025-11-05 01:40:00+07:00,1.649478542,cpu_usage
2025-11-05 01:50:00+07:00,1.193390386,cpu_usage
2025-11-05 02:00:00+07:00,0.787964354,cpu_usage
2025-11-05 02:10:00+07:00,2.331736188,cpu_usage
2025-11-05 02:20:00+07:00,1.455415326,cpu_usage
2025-11-05 02:30:00+07:00,1.500181401,cpu_usage
2025-11-05 02:40:00+07:00,1.724562252,cpu_usage
2025-11-05 02:50:00+07:00,2.117651603,cpu_usage
2025-11-05 03:00:00+07:00,1.525027292,cpu_usage
2025-11-05 03:10:00+07:00,1.805449994,cpu_usage
2025-11-05 03:20:00+07:00,1.000538679,cpu_usage
2025-11-05 03:30:00+07:00,1.647085994,cpu_usage
2025-11-05 03:40:00+07:00,1.992877438,cpu_usage
2025-11-05 03:50:00+07:00,0.977183792,cpu_usage
2025-11-05 04:00:00+07:00,1.821760742,cpu_usage
2025-11-05 04:10:00+07:00,1.535241843,cpu_usage
2025-11-05 04:20:00+07:00,1.516193079,cpu_usage
2025-11-05 04:30:00+07:00,1.586324978,cpu_usage
2025-11-05 04:40:00+07:00,1.843128586,cpu_usage
2025-11-05 04:50:00+07:00,1.814798409,cpu_usage
2025-11-05 05:00:00+07:00,1.66267644,cpu_usage
2025-11-05 05:10:00+07:00,1.416911814,cpu_usage
2025-11-05 05:20:00+07:00,1.047006907,cpu_usage
2025-11-05 05:30:00+07:00,0.848845559,cpu_usage
2025-11-05 05:40:00+07:00,1.357024617,cpu_usage
2025-11-05 05:50:00+07:00,1.925138482,cpu_usage
2025-11-05 06:00:00+07:00,1.264293004,cpu_usage
2025-11-05 06:10:00+07:00,1.991772194,cpu_usage
2025-11-05 06:20:00+07:00,2.0306367,cpu_usage
2025-11-05 06:30:00+07:00,0.986227032,cpu_usage
2025-11-05 06:40:00+07:00,1.380329879,cpu_usage
2025-11-05 06:50:00+07:00,2.046165138,cpu_usage
2025-11-05 07:00:00+07:00,1.157523733,cpu_usage
2025-11-05 07:10:00+07:00,1.822816283,cpu_usage
2025-11-05 07:20:00+07:00,1.59159866,cpu_usage
2025-11-05 07:30:00+07:00,1.813291726,cpu_usage
2025-11-05 07:40:00+07:00,1.693490752,cpu_usage
2025-11-05 07:50:00+07:00,1.138861586,cpu_usage
2025-11-05 08:00:00+07:00,2.531504316,cpu_usage
2025-11-05 08:10:00+07:00,2.388285644,cpu_usage
2025-11-05 08:20:00+07:00,2.884474054,cpu_usage
2025-11-05 08:30:00+07:00,2.749329259,cpu_usage
2025-11-05 08:40:00+07:00,2.165321871,cpu_usage
2025-11-05 08:50:00+07:00,2.774734574,cpu_usage
2025-11-05 09:00:00+07:00,2.569354438,cpu_usage
2025-11-05 09:10:00+07:00,2.002406746,cpu_usage
2025-11-05 09:20:00+07:00,2.251430441,cpu_usage
2025-11-05 09:30:00+07:00,2.433252666,cpu_usage
2025-11-05 09:40:00+07:00,2.620635095,cpu_usage
2025-11-05 09:50:00+07:00,2.820724305,cpu_usage
2025-11-05 10:00:00+07:00,2.945584899,cpu_usage
2025-11-05 10:10:00+07:00,2.413368563,cpu_usage
2025-11-05 10:20:00+07:00,2.889664231,cpu_usage
2025-11-05 10:30:00+07:00,2.688913949,cpu_usage
2025-11-05 10:40:00+07:00,2.174347305,cpu_usage
2025-11-05 10:50:00+07:00,2.394493844,cpu_usage
2025-11-05 11:00:00+07:00,3.960086349,cpu_usage
2025-11-05 11:10:00+07:00,5.194003898,cpu_usage
2025-11-05 11:20:00+07:00,4.444244813,cpu_usage
2025-11-05 11:30:00+07:00,4.597113033,cpu_usage
2025-11-05 11:40:00+07:00,3.588414301,cpu_usage
2025-11-05 11:50:00+07:00,3.204166089,cpu_usage
2025-11-05 12:00:00+07:00,3.30559204,cpu_usage
2025-11-05 12:10:00+07:00,4.490614249,cpu_usage
2025-11-05 12:20:00+07:00,3.656244786,cpu_usage
2025-11-05 12:30:00+07:00,3.336197645,cpu_usage
2025-11-05 12:40:00+07:00,3.751676801,cpu_usage
2025-11-05 12:50:00+07:00,3.452772842,cpu_usage
2025-11-05 13:00:00+07:00,5.012026124,cpu_usage
2025-11-05 13:10:00+07:00,4.859396088,cpu_usage
2025-11-05 13:20:00+07:00,4.33001737,cpu_usage
2025-11-05 13:30:00+07:00,3.660571644,cpu_usage
2025-11-05 13:40:00+07:00,4.529197276,cpu_usage
2025-11-05 13:50:00+07:00,4.568981414,cpu_usage
2025-11-05 14:00:00+07:00,4.116540762,cpu_usage
2025-11-05 14:10:00+07:00,3.946451115,cpu_usage
2025-11-05 14:20:00+07:00,4.407337588,cpu_usage
2025-11-05 14:30:00+07:00,3.932271127,cpu_usage
2025-11-05 14:40:00+07:00,3.143336839,cpu_usage
2025-11-05 14:50:00+07:00,5.059478977,cpu_usage
2025-11-05 15:00:00+07:00,6.684972672,cpu_usage
2025-11-05 15:10:00+07:00,7.077316777,cpu_usage
2025-11-05 15:20:00+07:00,6.022778378,cpu_usage
2025-11-05 15:30:00+07:00,6.715598222,cpu_usage
2025-11-05 15:40:00+07:00,5.763307456,cpu_usage
2025-11-05 15:50:00+07:00,6.726257938,cpu_usage
2025-11-05 16:00:00+07:00,4.988920239,cpu_usage
2025-11-05 16:10:00+07:00,6.657310219,cpu_usage
2025-11-05 16:20:00+07:00,7.171778034,cpu_usage
2025-11-05 16:30:00+07:00,6.092509778,cpu_usage
2025-11-05 16:40:00+07:00,5.100677444,cpu_usage
2025-11-05 16:50:00+07:00,5.798843584,cpu_usage
2025-11-05 17:00:00+07:00,6.346597367,cpu_usage
2025-11-05 17:10:00+07:00,7.094466854,cpu_usage
2025-11-05 17:20:00+07:00,5.515896172,cpu_usage
2025-11-05 17:30:00+07:00,5.994701635,cpu_usage
2025-11-05 17:40:00+07:00,6.74144429,cpu_usage
2025-11-05 17:50:00+07:00,5.379345964,cpu_usage
2025-11-05 18:00:00+07:00,3.113214977,cpu_usage
2025-11-05 18:10:00+07:00,3.134454193,cpu_usage
2025-11-05 18:20:00+07:00,3.685524515,cpu_usage
2025-11-05 18:30:00+07:00,2.950506529,cpu_usage
2025-11-05 18:40:00+07:00,3.49823778,cpu_usage
2025-11-05 18:50:00+07:00,3.399105867,cpu_usage
2025-11-05 19:00:00+07:00,3.312160979,cpu_usage
2025-11-05 19:10:00+07:00,3.161899609,cpu_usage
2025-11-05 19:20:00+07:00,3.655835075,cpu_usage
2025-11-05 19:30:00+07:00,3.286789463,cpu_usage
2025-11-05 19:40:00+07:00,3.376723789,cpu_usage
2025-11-05 19:50:00+07:00,3.763570718,cpu_usage
2025-11-05 20:00:00+07:00,3.789766922,cpu_usage
2025-11-05 20:10:00+07:00,4.14589867,cpu_usage
2025-11-05 20:20:00+07:00,4.014725084,cpu_usage
2025-11-05 20:30:00+07:00,3.067751789,cpu_usage
2025-11-05 20:40:00+07:00,3.269427791,cpu_usage
2025-11-05 20:50:00+07:00,2.831083718,cpu_usage
2025-11-05 21:00:00+07:00,3.807765333,cpu_usage
2025-11-05 21:10:00+07:00,3.279065144,cpu_usage
2025-11-05 21:20:00+07:00,3.782214221,cpu_usage
2025-11-05 21:30:00+07:00,3.871235424,cpu_usage
2025-11-05 21:40:00+07:00,3.136945931,cpu_usage
2025-11-05 21:50:00+07:00,3.931520644,cpu_usage
2025-11-05 22:00:00+07:00,2.332151377,cpu_usage
2025-11-05 22:10:00+07:00,2.424557412,cpu_usage
2025-11-05 22:20:00+07:00,2.605103005,cpu_usage
2025-11-05 22:30:00+07:00,2.182663917,cpu_usage
2025-11-05 22:40:00+07:00,2.521165679,cpu_usage
2025-11-05 22:50:00+07:00,2.737425449,cpu_usage
2025-11-05 23:00:00+07:00,2.894382938,cpu_usage
2025-11-05 23:10:00+07:00,2.721563003,cpu_usage
2025-11-05 23:20:00+07:00,2.80151254,cpu_usage
2025-11-05 23:30:00+07:00,2.496313863,cpu_usage
2025-11-05 23:40:00+07:00,2.460598185,cpu_usage
2025-11-05 23:50:00+07:00,2.356903633,cpu_usage
2025-11-06 00:00:00+07:00,1.365452667,cpu_usage
2025-11-06 00:10:00+07:00,1.630269187,cpu_usage
2025-11-06 00:20:00+07:00,1.492931042,cpu_usage
2025-11-06 00:30:00+07:00,1.420398375,cpu_usage
2025-11-06 00:40:00+07:00,1.63185145,cpu_usage
2025-11-06 00:50:00+07:00,1.106029165,cpu_usage
2025-11-06 01:00:00+07:00,1.291038055,cpu_usage
2025-11-06 01:10:00+07:00,1.522062191,cpu_usage
2025-11-06 01:20:00+07:00,1.101937181,cpu_usage
2025-11-06 01:30:00+07:00,1.654008751,cpu_usage
2025-11-06 01:40:00+07:00,1.603716822,cpu_usage
2025-11-06 01:50:00+07:00,1.760126342,cpu_usage
2025-11-06 02:00:00+07:00,1.575385851,cpu_usage
2025-11-06 02:10:00+07:00,1.204804858,cpu_usage
2025-11-06 02:20:00+07:00,2.0397234,cpu_usage
2025-11-06 02:30:00+07:00,1.057130869,cpu_usage
2025-11-06 02:40:00+07:00,1.913530127,cpu_usage
2025-11-06 02:50:00+07:00,1.244650945,cpu_usage
2025-11-06 03:00:00+07:00,1.039627979,cpu_usage
2025-11-06 03:10:00+07:00,1.641601759,cpu_usage
2025-11-06 03:20:00+07:00,1.4793867,cpu_usage
2025-11-06 03:30:00+07:00,0.925061421,cpu_usage
2025-11-06 03:40:00+07:00,1.326971061,cpu_usage
2025-11-06 03:50:00+07:00,1.300280762,cpu_usage
2025-11-06 04:00:00+07:00,1.513578059,cpu_usage
2025-11-06 04:10:00+07:00,1.300065619,cpu_usage
2025-11-06 04:20:00+07:00,1.333415582,cpu_usage
2025-11-06 04:30:00+07:00,1.726337439,cpu_usage
2025-11-06 04:40:00+07:00,1.476917393,cpu_usage
2025-11-06 04:50:00+07:00,2.03094384,cpu_usage
2025-11-06 05:00:00+07:00,1.779443774,cpu_usage
2025-11-06 05:10:00+07:00,2.218994187,cpu_usage
2025-11-06 05:20:00+07:00,1.087407368,cpu_usage
2025-11-06 05:30:00+07:00,0.944757919,cpu_usage
2025-11-06 05:40:00+07:00,2.16299961,cpu_usage
2025-11-06 05:50:00+07:00,1.961656748,cpu_usage
2025-11-06 06:00:00+07:00,1.486623473,cpu_usage
2025-11-06 06:10:00+07:00,1.248092075,cpu_usage
2025-11-06 06:20:00+07:00,1.674907463,cpu_usage
2025-11-06 06:30:00+07:00,1.214034382,cpu_usage
2025-11-06 06:40:00+07:00,1.521368337,cpu_usage
2025-11-06 06:50:00+07:00,1.843872983,cpu_usage
2025-11-06 07:00:00+07:00,1.721601299,cpu_usage
2025-11-06 07:10:00+07:00,1.540496796,cpu_usage
2025-11-06 07:20:00+07:00,1.499873058,cpu_usage
2025-11-06 07:30:00+07:00,1.534364256,cpu_usage
2025-11-06 07:40:00+07:00,1.330589408,cpu_usage
2025-11-06 07:50:00+07:00,1.706044444,cpu_usage
2025-11-06 08:00:00+07:00,2.770688987,cpu_usage
2025-11-06 08:10:00+07:00,2.631526562,cpu_usage
2025-11-06 08:20:00+07:00,1.962040204,cpu_usage
2025-11-06 08:30:00+07:00,2.055398737,cpu_usage
2025-11-06 08:40:00+07:00,2.693292096,cpu_usage
2025-11-06 08:50:00+07:00,2.314779359,cpu_usage
2025-11-06 09:00:00+07:00,2.701617253,cpu_usage
2025-11-06 09:10:00+07:00,2.443591055,cpu_usage
2025-11-06 09:20:00+07:00,1.967068818,cpu_usage
2025-11-06 09:30:00+07:00,2.905891705,cpu_usage
2025-11-06 09:40:00+07:00,1.926473288,cpu_usage
2025-11-06 09:50:00+07:00,2.546326537,cpu_usage
2025-11-06 10:00:00+07:00,2.581574068,cpu_usage
2025-11-06 10:10:00+07:00,2.555783314,cpu_usage
2025-11-06 10:20:00+07:00,2.279162614,cpu_usage
2025-11-06 10:30:00+07:00,2.562899925,cpu_usage
2025-11-06 10:40:00+07:00,2.349994705,cpu_usage
2025-11-06 10:50:00+07:00,2.149132851,cpu_usage
2025-11-06 11:00:00+07:00,3.856202399,cpu_usage
2025-11-06 11:10:00+07:00,4.310313237,cpu_usage
2025-11-06 11:20:00+07:00,4.177786973,cpu_usage
2025-11-06 11:30:00+07:00,3.351045252,cpu_usage
2025-11-06 11:40:00+07:00,4.840939557,cpu_usage
2025-11-06 11:50:00+07:00,3.602419353,cpu_usage
2025-11-06 12:00:00+07:00,4.533353717,cpu_usage
2025-11-06 12:10:00+07:00,3.784206287,cpu_usage
2025-11-06 12:20:00+07:00,5.004852247,cpu_usage
2025-11-06 12:30:00+07:00,3.515079211,cpu_usage
2025-11-06 12:40:00+07:00,3.641004461,cpu_usage
2025-11-06 12:50:00+07:00,3.978866606,cpu_usage
2025-11-06 13:00:00+07:00,3.310952298,cpu_usage
2025-11-06 13:10:00+07:00,3.042386235,cpu_usage
2025-11-06 13:20:00+07:00,3.707620325,cpu_usage
2025-11-06 13:30:00+07:00,3.411480904,cpu_usage
2025-11-06 13:40:00+07:00,4.180769351,cpu_usage
2025-11-06 13:50:00+07:00,3.467567605,cpu_usage
2025-11-06 14:00:00+07:00,2.763752562,cpu_usage
2025-11-06 14:10:00+07:00,3.684254707,cpu_usage
2025-11-06 14:20:00+07:00,4.248821939,cpu_usage
2025-11-06 14:30:00+07:00,4.778383067,cpu_usage
2025-11-06 14:40:00+07:00,4.388116556,cpu_usage
2025-11-06 14:50:00+07:00,4.271653893,cpu_usage
2025-11-06 15:00:00+07:00,5.710184093,cpu_usage
2025-11-06 15:10:00+07:00,6.890971516,cpu_usage
2025-11-06 15:20:00+07:00,6.057810897,cpu_usage
2025-11-06 15:30:00+07:00,5.535571342,cpu_usage
2025-11-06 15:40:00+07:00,6.729938509,cpu_usage
2025-11-06 15:50:00+07:00,6.635789548,cpu_usage
2025-11-06 16:00:00+07:00,5.722124641,cpu_usage
2025-11-06 16:10:00+07:00,6.123744706,cpu_usage
2025-11-06 16:20:00+07:00,5.505858856,cpu_usage
2025-11-06 16:30:00+07:00,5.982926338,cpu_usage
2025-11-06 16:40:00+07:00,5.060370108,cpu_usage
2025-11-06 16:50:00+07:00,5.584316222,cpu_usage
2025-11-06 17:00:00+07:00,5.174707777,cpu_usage
2025-11-06 17:10:00+07:00,5.409051841,cpu_usage
2025-11-06 17:20:00+07:00,6.98341846,cpu_usage
2025-11-06 17:30:00+07:00,6.821801289,cpu_usage
2025-11-06 17:40:00+07:00,6.966098891,cpu_usage
2025-11-06 17:50:00+07:00,6.547274158,cpu_usage
2025-11-06 18:00:00+07:00,3.914326461,cpu_usage
2025-11-06 18:10:00+07:00,3.306109547,cpu_usage
2025-11-06 18:20:00+07:00,3.17049968,cpu_usage
2025-11-06 18:30:00+07:00,3.574816508,cpu_usage
2025-11-06 18:40:00+07:00,3.577264637,cpu_usage
2025-11-06 18:50:00+07:00,3.424018754,cpu_usage
2025-11-06 19:00:00+07:00,4.060153725,cpu_usage
2025-11-06 19:10:00+07:00,3.27128714,cpu_usage
2025-11-06 19:20:00+07:00,3.375793799,cpu_usage
2025-11-06 19:30:00+07:00,4.202299861,cpu_usage
2025-11-06 19:40:00+07:00,4.050383836,cpu_usage
2025-11-06 19:50:00+07:00,3.280074841,cpu_usage
2025-11-06 20:00:00+07:00,3.429712197,cpu_usage
2025-11-06 20:10:00+07:00,3.829605554,cpu_usage
2025-11-06 20:20:00+07:00,3.171981001,cpu_usage
2025-11-06 20:30:00+07:00,3.794501822,cpu_usage
2025-11-06 20:40:00+07:00,3.353314374,cpu_usage
2025-11-06 20:50:00+07:00,3.860011161,cpu_usage
2025-11-06 21:00:00+07:00,3.301664124,cpu_usage
2025-11-06 21:10:00+07:00,3.524693667,cpu_usage
2025-11-06 21:20:00+07:00,3.20841246,cpu_usage
2025-11-06 21:30:00+07:00,4.156708804,cpu_usage
2025-11-06 21:40:00+07:00,3.043412831,cpu_usage
2025-11-06 21:50:00+07:00,3.54037668,cpu_usage
2025-11-06 22:00:00+07:00,2.922982887,cpu_usage
2025-11-06 22:10:00+07:00,2.399000374,cpu_usage
2025-11-06 22:20:00+07:00,2.234613136,cpu_usage
2025-11-06 22:30:00+07:00,2.827100925,cpu_usage
2025-11-06 22:40:00+07:00,2.186460948,cpu_usage
2025-11-06 22:50:00+07:00,2.40552859,cpu_usage
2025-11-06 23:00:00+07:00,1.953058205,cpu_usage
2025-11-06 23:10:00+07:00,2.842259382,cpu_usage
2025-11-06 23:20:00+07:00,2.303648085,cpu_usage
2025-11-06 23:30:00+07:00,2.801150869,cpu_usage
2025-11-06 23:40:00+07:00,2.23394609,cpu_usage
2025-11-06 23:50:00+07:00,2.498271582,cpu_usage
2025-11-07 00:00:00+07:00,1.389101231,cpu_usage
2025-11-07 00:10:00+07:00,1.344740896,cpu_usage
2025-11-07 00:20:00+07:00,1.279231222,cpu_usage
2025-11-07 00:30:00+07:00,2.100262872,cpu_usage
2025-11-07 00:40:00+07:00,1.700491352,cpu_usage
2025-11-07 00:50:00+07:00,1.377407816,cpu_usage
2025-11-07 01:00:00+07:00,1.028752864,cpu_usage
2025-11-07 01:10:00+07:00,1.908132695,cpu_usage
2025-11-07 01:20:00+07:00,1.345796296,cpu_usage
2025-11-07 01:30:00+07:00,0.711729735,cpu_usage
2025-11-07 01:40:00+07:00,1.623209041,cpu_usage
2025-11-07 01:50:00+07:00,0.66169917,cpu_usage
2025-11-07 02:00:00+07:00,2.139148108,cpu_usage
2025-11-07 02:10:00+07:00,1.767162781,cpu_usage
2025-11-07 02:20:00+07:00,1.555588359,cpu_usage
2025-11-07 02:30:00+07:00,1.683634882,cpu_usage
2025-11-07 02:40:00+07:00,2.017117221,cpu_usage
2025-11-07 02:50:00+07:00,1.850371255,cpu_usage
2025-11-07 03:00:00+07:00,1.775598575,cpu_usage
2025-11-07 03:10:00+07:00,1.517391338,cpu_usage
2025-11-07 03:20:00+07:00,1.40019027,cpu_usage
2025-11-07 03:30:00+07:00,1.780048732,cpu_usage
2025-11-07 03:40:00+07:00,1.337593914,cpu_usage
2025-11-07 03:50:00+07:00,0.878136404,cpu_usage
2025-11-07 04:00:00+07:00,1.68400782,cpu_usage
2025-11-07 04:10:00+07:00,1.327315879,cpu_usage
2025-11-07 04:20:00+07:00,1.669840889,cpu_usage
2025-11-07 04:30:00+07:00,1.382364823,cpu_usage
2025-11-07 04:40:00+07:00,1.61370968,cpu_usage
2025-11-07 04:50:00+07:00,1.393029993,cpu_usage
2025-11-07 05:00:00+07:00,1.630704231,cpu_usage
2025-11-07 05:10:00+07:00,1.628389281,cpu_usage
2025-11-07 05:20:00+07:00,1.309417775,cpu_usage
2025-11-07 05:30:00+07:00,1.652092256,cpu_usage
2025-11-07 05:40:00+07:00,1.589327704,cpu_usage
2025-11-07 05:50:00+07:00,2.249433172,cpu_usage
2025-11-07 06:00:00+07:00,1.302242751,cpu_usage
2025-11-07 06:10:00+07:00,1.847233316,cpu_usage
2025-11-07 06:20:00+07:00,1.566690269,cpu_usage
2025-11-07 06:30:00+07:00,0.977410401,cpu_usage
2025-11-07 06:40:00+07:00,1.234538294,cpu_usage
2025-11-07 06:50:00+07:00,1.224991721,cpu_usage
2025-11-07 07:00:00+07:00,1.771278758,cpu_usage
2025-11-07 07:10:00+07:00,1.672287376,cpu_usage
2025-11-07 07:20:00+07:00,1.418761461,cpu_usage
2025-11-07 07:30:00+07:00,1.205853915,cpu_usage
2025-11-07 07:40:00+07:00,1.671981063,cpu_usage
2025-11-07 07:50:00+07:00,1.684970045,cpu_usage
2025-11-07 08:00:00+07:00,2.56697714,cpu_usage
2025-11-07 08:10:00+07:00,2.978208408,cpu_usage
2025-11-07 08:20:00+07:00,2.175936117,cpu_usage
2025-11-07 08:30:00+07:00,2.865553311,cpu_usage
2025-11-07 08:40:00+07:00,2.812072533,cpu_usage
2025-11-07 08:50:00+07:00,2.285225389,cpu_usage
2025-11-07 09:00:00+07:00,2.727303875,cpu_usage
2025-11-07 09:10:00+07:00,2.417441701,cpu_usage
2025-11-07 09:20:00+07:00,2.069207563,cpu_usage
2025-11-07 09:30:00+07:00,2.460544987,cpu_usage
2025-11-07 09:40:00+07:00,1.99890578,cpu_usage
2025-11-07 09:50:00+07:00,2.395305156,cpu_usage
2025-11-07 10:00:00+07:00,2.342807545,cpu_usage
2025-11-07 10:10:00+07:00,2.419999472,cpu_usage
2025-11-07 10:20:00+07:00,2.284040377,cpu_usage
2025-11-07 10:30:00+07:00,1.962707302,cpu_usage
2025-11-07 10:40:00+07:00,3.119402294,cpu_usage
2025-11-07 10:50:00+07:00,2.461365535,cpu_usage
2025-11-07 11:00:00+07:00,3.686855302,cpu_usage
2025-11-07 11:10:00+07:00,3.414632419,cpu_usage
2025-11-07 11:20:00+07:00,4.297725429,cpu_usage
2025-11-07 11:30:00+07:00,3.405511036,cpu_usage
2025-11-07 11:40:00+07:00,3.193311813,cpu_usage
2025-11-07 11:50:00+07:00,3.439152062,cpu_usage
2025-11-07 12:00:00+07:00,3.254845294,cpu_usage
2025-11-07 12:10:00+07:00,3.578319641,cpu_usage
2025-11-07 12:20:00+07:00,4.983448713,cpu_usage
2025-11-07 12:30:00+07:00,4.467990195,cpu_usage
2025-11-07 12:40:00+07:00,4.277162348,cpu_usage
2025-11-07 12:50:00+07:00,3.401230023,cpu_usage
2025-11-07 13:00:00+07:00,4.592441,cpu_usage
2025-11-07 13:10:00+07:00,3.541530208,cpu_usage
2025-11-07 13:20:00+07:00,4.935101309,cpu_usage
2025-11-07 13:30:00+07:00,4.491977901,cpu_usage
2025-11-07 13:40:00+07:00,3.757462727,cpu_usage
2025-11-07 13:50:00+07:00,4.314132397,cpu_usage
2025-11-07 14:00:00+07:00,4.883883193,cpu_usage
2025-11-07 14:10:00+07:00,4.264900595,cpu_usage
2025-11-07 14:20:00+07:00,4.101241401,cpu_usage
2025-11-07 14:30:00+07:00,3.413254947,cpu_usage
2025-11-07 14:40:00+07:00,4.244917903,cpu_usage
2025-11-07 14:50:00+07:00,3.586649881,cpu_usage
2025-11-07 15:00:00+07:00,5.49938857,cpu_usage
2025-11-07 15:10:00+07:00,5.744318782,cpu_usage
2025-11-07 15:20:00+07:00,5.463991386,cpu_usage
2025-11-07 15:30:00+07:00,5.134549953,cpu_usage
2025-11-07 15:40:00+07:00,5.491175715,cpu_usage
2025-11-07 15:50:00+07:00,4.755836096,cpu_usage
2025-11-07 16:00:00+07:00,6.549276256,cpu_usage
2025-11-07 16:10:00+07:00,5.107097276,cpu_usage
2025-11-07 16:20:00+07:00,5.812431928,cpu_usage
2025-11-07 16:30:00+07:00,5.215862134,cpu_usage
2025-11-07 16:40:00+07:00,5.397382647,cpu_usage
2025-11-07 16:50:00+07:00,5.634942809,cpu_usage
2025-11-07 17:00:00+07:00,6.693798923,cpu_usage
2025-11-07 17:10:00+07:00,5.750843549,cpu_usage
2025-11-07 17:20:00+07:00,6.970950414,cpu_usage
2025-11-07 17:30:00+07:00,5.288638933,cpu_usage
2025-11-07 17:40:00+07:00,5.072114142,cpu_usage
2025-11-07 17:50:00+07:00,6.498612236,cpu_usage
2025-11-07 18:00:00+07:00,3.607644973,cpu_usage
2025-11-07 18:10:00+07:00,3.77037567,cpu_usage
2025-11-07 18:20:00+07:00,3.01059666,cpu_usage
2025-11-07 18:30:00+07:00,3.029064329,cpu_usage
2025-11-07 18:40:00+07:00,3.010647371,cpu_usage
2025-11-07 18:50:00+07:00,3.967169217,cpu_usage
2025-11-07 19:00:00+07:00,4.301179548,cpu_usage
2025-11-07 19:10:00+07:00,3.525460037,cpu_usage
2025-11-07 19:20:00+07:00,3.26746017,cpu_usage
2025-11-07 19:30:00+07:00,2.90137307,cpu_usage
2025-11-07 19:40:00+07:00,3.665053257,cpu_usage
2025-11-07 19:50:00+07:00,3.719094222,cpu_usage
2025-11-07 20:00:00+07:00,3.346951572,cpu_usage
2025-11-07 20:10:00+07:00,3.80411632,cpu_usage
2025-11-07 20:20:00+07:00,4.102442276,cpu_usage
2025-11-07 20:30:00+07:00,3.743753871,cpu_usage
2025-11-07 20:40:00+07:00,3.866793759,cpu_usage
2025-11-07 20:50:00+07:00,3.470701753,cpu_usage
2025-11-07 21:00:00+07:00,3.881064617,cpu_usage
2025-11-07 21:10:00+07:00,3.701948073,cpu_usage
2025-11-07 21:20:00+07:00,4.136635014,cpu_usage
2025-11-07 21:30:00+07:00,2.774759923,cpu_usage
2025-11-07 21:40:00+07:00,3.620041395,cpu_usage
2025-11-07 21:50:00+07:00,4.224342732,cpu_usage
2025-11-07 22:00:00+07:00,2.587093995,cpu_usage
2025-11-07 22:10:00+07:00,2.783692559,cpu_usage
2025-11-07 22:20:00+07:00,2.880005892,cpu_usage
2025-11-07 22:30:00+07:00,1.848210839,cpu_usage
2025-11-07 22:40:00+07:00,2.715872176,cpu_usage
2025-11-07 22:50:00+07:00,2.902117757,cpu_usage
2025-11-07 23:00:00+07:00,2.518712196,cpu_usage
2025-11-07 23:10:00+07:00,2.084371196,cpu_usage
2025-11-07 23:20:00+07:00,3.052488976,cpu_usage
2025-11-07 23:30:00+07:00,2.641182432,cpu_usage
2025-11-07 23:40:00+07:00,2.852382423,cpu_usage
2025-11-07 23:50:00+07:00,2.546166636,cpu_usage
2025-11-08 00:00:00+07:00,0.890616413,cpu_usage
2025-11-08 00:10:00+07:00,1.433099878,cpu_usage
2025-11-08 00:20:00+07:00,0.873560809,cpu_usage
2025-11-08 00:30:00+07:00,1.302062983,cpu_usage
2025-11-08 00:40:00+07:00,1.67324716,cpu_usage
2025-11-08 00:50:00+07:00,1.967710095,cpu_usage
2025-11-08 01:00:00+07:00,1.780616573,cpu_usage
2025-11-08 01:10:00+07:00,1.70031766,cpu_usage
2025-11-08 01:20:00+07:00,2.089137522,cpu_usage
2025-11-08 01:30:00+07:00,1.629243346,cpu_usage
2025-11-08 01:40:00+07:00,1.663287241,cpu_usage
2025-11-08 01:50:00+07:00,1.017708605,cpu_usage
2025-11-08 02:00:00+07:00,1.207828958,cpu_usage
2025-11-08 02:10:00+07:00,2.022925439,cpu_usage
2025-11-08 02:20:00+07:00,1.443798477,cpu_usage
2025-11-08 02:30:00+07:00,1.793810578,cpu_usage
2025-11-08 02:40:00+07:00,1.696233265,cpu_usage
2025-11-08 02:50:00+07:00,1.840648561,cpu_usage
2025-11-08 03:00:00+07:00,1.681767689,cpu_usage
2025-11-08 03:10:00+07:00,0.727830843,cpu_usage
2025-11-08 03:20:00+07:00,1.088376732,cpu_usage
2025-11-08 03:30:00+07:00,1.159217922,cpu_usage
2025-11-08 03:40:00+07:00,1.343839125,cpu_usage
2025-11-08 03:50:00+07:00,1.039926867,cpu_usage
2025-11-08 04:00:00+07:00,1.082962035,cpu_usage
2025-11-08 04:10:00+07:00,1.742117845,cpu_usage
2025-11-08 04:20:00+07:00,1.588571809,cpu_usage
2025-11-08 04:30:00+07:00,1.510358351,cpu_usage
2025-11-08 04:40:00+07:00,1.141156345,cpu_usage
2025-11-08 04:50:00+07:00,1.630042489,cpu_usage
2025-11-08 05:00:00+07:00,1.137782791,cpu_usage
2025-11-08 05:10:00+07:00,1.433764664,cpu_usage
2025-11-08 05:20:00+07:00,1.51464802,cpu_usage
2025-11-08 05:30:00+07:00,1.484775363,cpu_usage
2025-11-08 05:40:00+07:00,1.726927946,cpu_usage
2025-11-08 05:50:00+07:00,1.440614579,cpu_usage
2025-11-08 06:00:00+07:00,1.833743057,cpu_usage
2025-11-08 06:10:00+07:00,1.030091379,cpu_usage
2025-11-08 06:20:00+07:00,1.87091308,cpu_usage
2025-11-08 06:30:00+07:00,1.725031869,cpu_usage
2025-11-08 06:40:00+07:00,1.203851481,cpu_usage
2025-11-08 06:50:00+07:00,1.50423177,cpu_usage
2025-11-08 07:00:00+07:00,2.064372324,cpu_usage
2025-11-08 07:10:00+07:00,1.224592808,cpu_usage
2025-11-08 07:20:00+07:00,1.233738965,cpu_usage
2025-11-08 07:30:00+07:00,1.124829202,cpu_usage
2025-11-08 07:40:00+07:00,1.825946034,cpu_usage
2025-11-08 07:50:00+07:00,1.696419283,cpu_usage
2025-11-08 08:00:00+07:00,2.83500821,cpu_usage
2025-11-08 08:10:00+07:00,3.213116732,cpu_usage
2025-11-08 08:20:00+07:00,2.997475369,cpu_usage
2025-11-08 08:30:00+07:00,2.204738607,cpu_usage
2025-11-08 08:40:00+07:00,2.396102454,cpu_usage
2025-11-08 08:50:00+07:00,2.19318733,cpu_usage
2025-11-08 09:00:00+07:00,3.030393609,cpu_usage
2025-11-08 09:10:00+07:00,2.514134461,cpu_usage
2025-11-08 09:20:00+07:00,2.897847249,cpu_usage
2025-11-08 09:30:00+07:00,2.2645834,cpu_usage
2025-11-08 09:40:00+07:00,1.96661828,cpu_usage
2025-11-08 09:50:00+07:00,2.18327496,cpu_usage
2025-11-08 10:00:00+07:00,2.162377614,cpu_usage
2025-11-08 10:10:00+07:00,2.368207748,cpu_usage
2025-11-08 10:20:00+07:00,2.361198557,cpu_usage
2025-11-08 10:30:00+07:00,2.478536039,cpu_usage
2025-11-08 10:40:00+07:00,2.343177964,cpu_usage
2025-11-08 10:50:00+07:00,2.310931169,cpu_usage
2025-11-08 11:00:00+07:00,3.109785998,cpu_usage
2025-11-08 11:10:00+07:00,4.264714423,cpu_usage
2025-11-08 11:20:00+07:00,4.52014754,cpu_usage
2025-11-08 11:30:00+07:00,4.201283672,cpu_usage
2025-11-08 11:40:00+07:00,4.530335675,cpu_usage
2025-11-08 11:50:00+07:00,3.739958369,cpu_usage
2025-11-08 12:00:00+07:00,4.136580163,cpu_usage
2025-11-08 12:10:00+07:00,4.024649884,cpu_usage
2025-11-08 12:20:00+07:00,3.153930085,cpu_usage
2025-11-08 12:30:00+07:00,3.850577476,cpu_usage
2025-11-08 12:40:00+07:00,3.162652391,cpu_usage
2025-11-08 12:50:00+07:00,3.181392921,cpu_usage
2025-11-08 13:00:00+07:00,4.225581284,cpu_usage
2025-11-08 13:10:00+07:00,4.271037026,cpu_usage
2025-11-08 13:20:00+07:00,5.303238584,cpu_usage
2025-11-08 13:30:00+07:00,3.494617002,cpu_usage
2025-11-08 13:40:00+07:00,3.042401078,cpu_usage
2025-11-08 13:50:00+07:00,4.130272718,cpu_usage
2025-11-08 14:00:00+07:00,3.778745851,cpu_usage
2025-11-08 14:10:00+07:00,3.321153655,cpu_usage
2025-11-08 14:20:00+07:00,4.732234307,cpu_usage
2025-11-08 14:30:00+07:00,4.102770877,cpu_usage
2025-11-08 14:40:00+07:00,3.903463155,cpu_usage
2025-11-08 14:50:00+07:00,4.664993665,cpu_usage
2025-11-08 15:00:00+07:00,5.599776567,cpu_usage
2025-11-08 15:10:00+07:00,5.682038073,cpu_usage
2025-11-08 15:20:00+07:00,5.372372906,cpu_usage
2025-11-08 15:30:00+07:00,6.679637843,cpu_usage
2025-11-08 15:40:00+07:00,5.958298758,cpu_usage
2025-11-08 15:50:00+07:00,5.284677571,cpu_usage
2025-11-08 16:00:00+07:00,5.453794812,cpu_usage
2025-11-08 16:10:00+07:00,6.517554648,cpu_usage
2025-11-08 16:20:00+07:00,5.466774377,cpu_usage
2025-11-08 16:30:00+07:00,6.454963017,cpu_usage
2025-11-08 16:40:00+07:00,5.46679119,cpu_usage
2025-11-08 16:50:00+07:00,5.185586745,cpu_usage
2025-11-08 17:00:00+07:00,6.875897524,cpu_usage
2025-11-08 17:10:00+07:00,6.689164466,cpu_usage
2025-11-08 17:20:00+07:00,5.318623919,cpu_usage
2025-11-08 17:30:00+07:00,6.709838923,cpu_usage
2025-11-08 17:40:00+07:00,5.131027875,cpu_usage
2025-11-08 17:50:00+07:00,6.774854279,cpu_usage
2025-11-08 18:00:00+07:00,3.387276544,cpu_usage
2025-11-08 18:10:00+07:00,2.789863996,cpu_usage
2025-11-08 18:20:00+07:00,3.668163981,cpu_usage
2025-11-08 18:30:00+07:00,3.737786292,cpu_usage
2025-11-08 18:40:00+07:00,3.328406523,cpu_usage
2025-11-08 18:50:00+07:00,3.050002653,cpu_usage
2025-11-08 19:00:00+07:00,3.39393557,cpu_usage
2025-11-08 19:10:00+07:00,3.538182936,cpu_usage
2025-11-08 19:20:00+07:00,3.833239489,cpu_usage
2025-11-08 19:30:00+07:00,3.20582737,cpu_usage
2025-11-08 19:40:00+07:00,3.63800885,cpu_usage
2025-11-08 19:50:00+07:00,3.798922341,cpu_usage
2025-11-08 20:00:00+07:00,4.152103201,cpu_usage
2025-11-08 20:10:00+07:00,3.301574751,cpu_usage
2025-11-08 20:20:00+07:00,3.784224577,cpu_usage
2025-11-08 20:30:00+07:00,3.328419581,cpu_usage
2025-11-08 20:40:00+07:00,3.307655494,cpu_usage
2025-11-08 20:50:00+07:00,3.263807652,cpu_usage
2025-11-08 21:00:00+07:00,3.733957162,cpu_usage
2025-11-08 21:10:00+07:00,3.46292897,cpu_usage
2025-11-08 21:20:00+07:00,4.169112473,cpu_usage
2025-11-08 21:30:00+07:00,4.087417843,cpu_usage
2025-11-08 21:40:00+07:00,3.143052338,cpu_usage
2025-11-08 21:50:00+07:00,3.884785499,cpu_usage
2025-11-08 22:00:00+07:00,2.097478098,cpu_usage
2025-11-08 22:10:00+07:00,1.915086668,cpu_usage
2025-11-08 22:20:00+07:00,2.619785577,cpu_usage
2025-11-08 22:30:00+07:00,2.354092476,cpu_usage
2025-11-08 22:40:00+07:00,2.272645016,cpu_usage
2025-11-08 22:50:00+07:00,2.687894204,cpu_usage
2025-11-08 23:00:00+07:00,2.810019808,cpu_usage
2025-11-08 23:10:00+07:00,2.246815177,cpu_usage
2025-11-08 23:20:00+07:00,2.656906145,cpu_usage
2025-11-08 23:30:00+07:00,2.673265313,cpu_usage
2025-11-08 23:40:00+07:00,2.237154325,cpu_usage
2025-11-08 23:50:00+07:00,2.360896708,cpu_usage
2025-11-09 00:00:00+07:00,1.604161875,cpu_usage
2025-11-09 00:10:00+07:00,1.989021554,cpu_usage
2025-11-09 00:20:00+07:00,1.168457297,cpu_usage
2025-11-09 00:30:00+07:00,1.645841497,cpu_usage
2025-11-09 00:40:00+07:00,2.385492797,cpu_usage
2025-11-09 00:50:00+07:00,1.03876143,cpu_usage
2025-11-09 01:00:00+07:00,1.007074485,cpu_usage
2025-11-09 01:10:00+07:00,1.609336762,cpu_usage
2025-11-09 01:20:00+07:00,1.07012338,cpu_usage
2025-11-09 01:30:00+07:00,2.147206618,cpu_usage
2025-11-09 01:40:00+07:00,1.479804335,cpu_usage
2025-11-09 01:50:00+07:00,1.173974225,cpu_usage
2025-11-09 02:00:00+07:00,1.657863576,cpu_usage
2025-11-09 02:10:00+07:00,1.869364126,cpu_usage
2025-11-09 02:20:00+07:00,1.57627095,cpu_usage
2025-11-09 02:30:00+07:00,1.245066661,cpu_usage
2025-11-09 02:40:00+07:00,1.24562772,cpu_usage
2025-11-09 02:50:00+07:00,1.329554242,cpu_usage
2025-11-09 03:00:00+07:00,1.849182785,cpu_usage
2025-11-09 03:10:00+07:00,1.793534267,cpu_usage
2025-11-09 03:20:00+07:00,1.010917489,cpu_usage
2025-11-09 03:30:00+07:00,2.03096521,cpu_usage
2025-11-09 03:40:00+07:00,1.880239386,cpu_usage
2025-11-09 03:50:00+07:00,1.479460693,cpu_usage
2025-11-09 04:00:00+07:00,1.850650702,cpu_usage
2025-11-09 04:10:00+07:00,1.275440565,cpu_usage
2025-11-09 04:20:00+07:00,1.269493611,cpu_usage
2025-11-09 04:30:00+07:00,1.683337543,cpu_usage
2025-11-09 04:40:00+07:00,1.102794143,cpu_usage
2025-11-09 04:50:00+07:00,2.003534321,cpu_usage
2025-11-09 05:00:00+07:00,1.522002855,cpu_usage
2025-11-09 05:10:00+07:00,1.095812429,cpu_usage
2025-11-09 05:20:00+07:00,1.4234783,cpu_usage
2025-11-09 05:30:00+07:00,2.001013546,cpu_usage
2025-11-09 05:40:00+07:00,2.129126335,cpu_usage
2025-11-09 05:50:00+07:00,1.261520805,cpu_usage
2025-11-09 06:00:00+07:00,1.520685419,cpu_usage
2025-11-09 06:10:00+07:00,1.076777391,cpu_usage
2025-11-09 06:20:00+07:00,1.699429067,cpu_usage
2025-11-09 06:30:00+07:00,1.20522276,cpu_usage
2025-11-09 06:40:00+07:00,1.456090103,cpu_usage
2025-11-09 06:50:00+07:00,1.069401701,cpu_usage
2025-11-09 07:00:00+07:00,1.29633428,cpu_usage
2025-11-09 07:10:00+07:00,1.544624058,cpu_usage
2025-11-09 07:20:00+07:00,1.487430187,cpu_usage
2025-11-09 07:30:00+07:00,2.03211413,cpu_usage
2025-11-09 07:40:00+07:00,1.921125352,cpu_usage
2025-11-09 07:50:00+07:00,1.215196033,cpu_usage
2025-11-09 08:00:00+07:00,2.240990213,cpu_usage
2025-11-09 08:10:00+07:00,2.754030835,cpu_usage
2025-11-09 08:20:00+07:00,2.705578587,cpu_usage
2025-11-09 08:30:00+07:00,2.323206953,cpu_usage
2025-11-09 08:40:00+07:00,1.923062658,cpu_usage
2025-11-09 08:50:00+07:00,2.589989301,cpu_usage
2025-11-09 09:00:00+07:00,2.384213967,cpu_usage
2025-11-09 09:10:00+07:00,2.199095014,cpu_usage
2025-11-09 09:20:00+07:00,2.424926791,cpu_usage
2025-11-09 09:30:00+07:00,1.98744176,cpu_usage
2025-11-09 09:40:00+07:00,2.74134234,cpu_usage
2025-11-09 09:50:00+07:00,1.932250325,cpu_usage
2025-11-09 10:00:00+07:00,3.022975931,cpu_usage
2025-11-09 10:10:00+07:00,1.890388294,cpu_usage
2025-11-09 10:20:00+07:00,2.200155333,cpu_usage
2025-11-09 10:30:00+07:00,2.875956302,cpu_usage
2025-11-09 10:40:00+07:00,2.053869308,cpu_usage
2025-11-09 10:50:00+07:00,2.728092489,cpu_usage
2025-11-09 11:00:00+07:00,3.987419966,cpu_usage
2025-11-09 11:10:00+07:00,3.880957936,cpu_usage
2025-11-09 11:20:00+07:00,3.664522419,cpu_usage
2025-11-09 11:30:00+07:00,3.233734458,cpu_usage
2025-11-09 11:40:00+07:00,4.201165786,cpu_usage
2025-11-09 11:50:00+07:00,4.422773156,cpu_usage
2025-11-09 12:00:00+07:00,4.193424262,cpu_usage
2025-11-09 12:10:00+07:00,3.310812747,cpu_usage
2025-11-09 12:20:00+07:00,5.146765846,cpu_usage
2025-11-09 12:30:00+07:00,4.645166657,cpu_usage
2025-11-09 12:40:00+07:00,3.112168329,cpu_usage
2025-11-09 12:50:00+07:00,3.516322069,cpu_usage
2025-11-09 13:00:00+07:00,4.36006818,cpu_usage
2025-11-09 13:10:00+07:00,5.253466144,cpu_usage
2025-11-09 13:20:00+07:00,4.008965373,cpu_usage
2025-11-09 13:30:00+07:00,3.887567408,cpu_usage
2025-11-09 13:40:00+07:00,4.039661032,cpu_usage
2025-11-09 13:50:00+07:00,3.860824949,cpu_usage
2025-11-09 14:00:00+07:00,4.337519687,cpu_usage
2025-11-09 14:10:00+07:00,3.136433731,cpu_usage
2025-11-09 14:20:00+07:00,4.094654862,cpu_usage
2025-11-09 14:30:00+07:00,3.798160992,cpu_usage
2025-11-09 14:40:00+07:00,3.384881311,cpu_usage
2025-11-09 14:50:00+07:00,4.80130394,cpu_usage
2025-11-09 15:00:00+07:00,6.234375943,cpu_usage
2025-11-09 15:10:00+07:00,5.500391141,cpu_usage
2025-11-09 15:20:00+07:00,5.318684362,cpu_usage
2025-11-09 15:30:00+07:00,5.977337564,cpu_usage
2025-11-09 15:40:00+07:00,6.465505899,cpu_usage
2025-11-09 15:50:00+07:00,6.7084112,cpu_usage
2025-11-09 16:00:00+07:00,5.365981841,cpu_usage
2025-11-09 16:10:00+07:00,6.511761416,cpu_usage
2025-11-09 16:20:00+07:00,6.560435712,cpu_usage
2025-11-09 16:30:00+07:00,6.534256732,cpu_usage
2025-11-09 16:40:00+07:00,5.382496369,cpu_usage
2025-11-09 16:50:00+07:00,6.452479263,cpu_usage
2025-11-09 17:00:00+07:00,5.170866244,cpu_usage
2025-11-09 17:10:00+07:00,6.253806305,cpu_usage
2025-11-09 17:20:00+07:00,5.623881165,cpu_usage
2025-11-09 17:30:00+07:00,6.440060985,cpu_usage
2025-11-09 17:40:00+07:00,5.840052947,cpu_usage
2025-11-09 17:50:00+07:00,5.972332662,cpu_usage
2025-11-09 18:00:00+07:00,3.527739697,cpu_usage
2025-11-09 18:10:00+07:00,3.591111609,cpu_usage
2025-11-09 18:20:00+07:00,3.733625249,cpu_usage
2025-11-09 18:30:00+07:00,3.922609777,cpu_usage
2025-11-09 18:40:00+07:00,3.363231927,cpu_usage
2025-11-09 18:50:00+07:00,3.586986721,cpu_usage
2025-11-09 19:00:00+07:00,3.576947694,cpu_usage
2025-11-09 19:10:00+07:00,3.448310622,cpu_usage
2025-11-09 19:20:00+07:00,3.003767879,cpu_usage
2025-11-09 19:30:00+07:00,2.951368137,cpu_usage
2025-11-09 19:40:00+07:00,4.073139892,cpu_usage
2025-11-09 19:50:00+07:00,3.815632743,cpu_usage
2025-11-09 20:00:00+07:00,3.411822724,cpu_usage
2025-11-09 20:10:00+07:00,3.354442917,cpu_usage
2025-11-09 20:20:00+07:00,3.174712033,cpu_usage
2025-11-09 20:30:00+07:00,3.318449365,cpu_usage
2025-11-09 20:40:00+07:00,3.990395903,cpu_usage
2025-11-09 20:50:00+07:00,3.886151187,cpu_usage
2025-11-09 21:00:00+07:00,3.839292733,cpu_usage
2025-11-09 21:10:00+07:00,3.697675716,cpu_usage
2025-11-09 21:20:00+07:00,3.532276995,cpu_usage
2025-11-09 21:30:00+07:00,3.259432914,cpu_usage
2025-11-09 21:40:00+07:00,3.566703646,cpu_usage
2025-11-09 21:50:00+07:00,3.31771985,cpu_usage
2025-11-09 22:00:00+07:00,2.438019113,cpu_usage
2025-11-09 22:10:00+07:00,2.749365384,cpu_usage
2025-11-09 22:20:00+07:00,2.365620353,cpu_usage
2025-11-09 22:30:00+07:00,2.130139169,cpu_usage
2025-11-09 22:40:00+07:00,3.019627558,cpu_usage
2025-11-09 22:50:00+07:00,2.22565749,cpu_usage
2025-11-09 23:00:00+07:00,2.725007971,cpu_usage
2025-11-09 23:10:00+07:00,2.773402069,cpu_usage
2025-11-09 23:20:00+07:00,2.46850725,cpu_usage
2025-11-09 23:30:00+07:00,2.185952868,cpu_usage
2025-11-09 23:40:00+07:00,2.825960851,cpu_usage
2025-11-09 23:50:00+07:00,2.420532352,cpu_usage
2025-11-10 00:00:00+07:00,1.276481139,cpu_usage
2025-11-10 00:10:00+07:00,1.717135526,cpu_usage
2025-11-10 00:20:00+07:00,1.562161207,cpu_usage
2025-11-10 00:30:00+07:00,1.602290981,cpu_usage
2025-11-10 00:40:00+07:00,1.624693821,cpu_usage
2025-11-10 00:50:00+07:00,1.046956468,cpu_usage
2025-11-10 01:00:00+07:00,1.203505403,cpu_usage
2025-11-10 01:10:00+07:00,1.411030725,cpu_usage
2025-11-10 01:20:00+07:00,1.891229071,cpu_usage
2025-11-10 01:30:00+07:00,1.014578795,cpu_usage
2025-11-10 01:40:00+07:00,2.048088715,cpu_usage
2025-11-10 01:50:00+07:00,1.697663718,cpu_usage
2025-11-10 02:00:00+07:00,1.586374057,cpu_usage
2025-11-10 02:10:00+07:00,1.752963371,cpu_usage
2025-11-10 02:20:00+07:00,1.695229117,cpu_usage
2025-11-10 02:30:00+07:00,1.56334615,cpu_usage
2025-11-10 02:40:00+07:00,0.813703727,cpu_usage
2025-11-10 02:50:00+07:00,1.449053716,cpu_usage
2025-11-10 03:00:00+07:00,1.818632064,cpu_usage
2025-11-10 03:10:00+07:00,1.970900052,cpu_usage
2025-11-10 03:20:00+07:00,2.11320344,cpu_usage
2025-11-10 03:30:00+07:00,1.332397131,cpu_usage
2025-11-10 03:40:00+07:00,1.892107963,cpu_usage
2025-11-10 03:50:00+07:00,1.856922012,cpu_usage
2025-11-10 04:00:00+07:00,1.25971295,cpu_usage
2025-11-10 04:10:00+07:00,1.454321968,cpu_usage
2025-11-10 04:20:00+07:00,1.377004937,cpu_usage
2025-11-10 04:30:00+07:00,1.254712733,cpu_usage
2025-11-10 04:40:00+07:00,2.018488213,cpu_usage
2025-11-10 04:50:00+07:00,0.930394213,cpu_usage
2025-11-10 05:00:00+07:00,1.55428573,cpu_usage
2025-11-10 05:10:00+07:00,0.563621133,cpu_usage
2025-11-10 05:20:00+07:00,1.296233029,cpu_usage
2025-11-10 05:30:00+07:00,2.035577281,cpu_usage
2025-11-10 05:40:00+07:00,1.061618433,cpu_usage
2025-11-10 05:50:00+07:00,1.74653943,cpu_usage
2025-11-10 06:00:00+07:00,1.237363567,cpu_usage
2025-11-10 06:10:00+07:00,1.989477915,cpu_usage
2025-11-10 06:20:00+07:00,1.983673882,cpu_usage
2025-11-10 06:30:00+07:00,1.673941765,cpu_usage
2025-11-10 06:40:00+07:00,2.063782366,cpu_usage
2025-11-10 06:50:00+07:00,1.559332719,cpu_usage
2025-11-10 07:00:00+07:00,1.360601985,cpu_usage
2025-11-10 07:10:00+07:00,1.381629908,cpu_usage
2025-11-10 07:20:00+07:00,1.818829528,cpu_usage
2025-11-10 07:30:00+07:00,1.276785605,cpu_usage
2025-11-10 07:40:00+07:00,1.766628759,cpu_usage
2025-11-10 07:50:00+07:00,1.621478128,cpu_usage
2025-11-10 08:00:00+07:00,2.018907625,cpu_usage
2025-11-10 08:10:00+07:00,3.186440556,cpu_usage
2025-11-10 08:20:00+07:00,2.671771883,cpu_usage
2025-11-10 08:30:00+07:00,2.840998842,cpu_usage
2025-11-10 08:40:00+07:00,2.638799574,cpu_usage
2025-11-10 08:50:00+07:00,2.851644171,cpu_usage
2025-11-10 09:00:00+07:00,2.279402122,cpu_usage
2025-11-10 09:10:00+07:00,3.147991029,cpu_usage
2025-11-10 09:20:00+07:00,2.869016522,cpu_usage
2025-11-10 09:30:00+07:00,3.127941777,cpu_usage
2025-11-10 09:40:00+07:00,1.99045472,cpu_usage
2025-11-10 09:50:00+07:00,2.767242018,cpu_usage
2025-11-10 10:00:00+07:00,1.957029908,cpu_usage
2025-11-10 10:10:00+07:00,2.040621275,cpu_usage
2025-11-10 10:20:00+07:00,2.118423508,cpu_usage
2025-11-10 10:30:00+07:00,2.31251588,cpu_usage
2025-11-10 10:40:00+07:00,3.03485187,cpu_usage
2025-11-10 10:50:00+07:00,3.067739086,cpu_usage
2025-11-10 11:00:00+07:00,4.799334359,cpu_usage
2025-11-10 11:10:00+07:00,3.236628781,cpu_usage
2025-11-10 11:20:00+07:00,4.628526484,cpu_usage
2025-11-10 11:30:00+07:00,3.25268228,cpu_usage
2025-11-10 11:40:00+07:00,3.717485556,cpu_usage
2025-11-10 11:50:00+07:00,4.630008613,cpu_usage
2025-11-10 12:00:00+07:00,4.436102978,cpu_usage
2025-11-10 12:10:00+07:00,4.739821592,cpu_usage
2025-11-10 12:20:00+07:00,4.264280083,cpu_usage
2025-11-10 12:30:00+07:00,4.702009554,cpu_usage
2025-11-10 12:40:00+07:00,5.151642943,cpu_usage
2025-11-10 12:50:00+07:00,3.912435601,cpu_usage
2025-11-10 13:00:00+07:00,4.070858642,cpu_usage
2025-11-10 13:10:00+07:00,4.556480211,cpu_usage
2025-11-10 13:20:00+07:00,3.269601612,cpu_usage
2025-11-10 13:30:00+07:00,3.218504644,cpu_usage
2025-11-10 13:40:00+07:00,3.412207319,cpu_usage
2025-11-10 13:50:00+07:00,4.787227137,cpu_usage
2025-11-10 14:00:00+07:00,4.797351055,cpu_usage
2025-11-10 14:10:00+07:00,5.188480825,cpu_usage
2025-11-10 14:20:00+07:00,2.990831254,cpu_usage
2025-11-10 14:30:00+07:00,3.840742524,cpu_usage
2025-11-10 14:40:00+07:00,3.145553592,cpu_usage
2025-11-10 14:50:00+07:00,4.096085099,cpu_usage
2025-11-10 15:00:00+07:00,6.325420708,cpu_usage
2025-11-10 15:10:00+07:00,6.026169217,cpu_usage
2025-11-10 15:20:00+07:00,7.026840225,cpu_usage
2025-11-10 15:30:00+07:00,6.298135728,cpu_usage
2025-11-10 15:40:00+07:00,7.094100914,cpu_usage
2025-11-10 15:50:00+07:00,6.686791946,cpu_usage
2025-11-10 16:00:00+07:00,6.702741016,cpu_usage
2025-11-10 16:10:00+07:00,5.951875205,cpu_usage
2025-11-10 16:20:00+07:00,5.883385508,cpu_usage
2025-11-10 16:30:00+07:00,5.528743355,cpu_usage
2025-11-10 16:40:00+07:00,7.101938095,cpu_usage
2025-11-10 16:50:00+07:00,6.051448586,cpu_usage
2025-11-10 17:00:00+07:00,6.545521702,cpu_usage
2025-11-10 17:10:00+07:00,4.849725992,cpu_usage
2025-11-10 17:20:00+07:00,5.676237251,cpu_usage
2025-11-10 17:30:00+07:00,5.484639102,cpu_usage
2025-11-10 17:40:00+07:00,5.239713904,cpu_usage
2025-11-10 17:50:00+07:00,5.895498942,cpu_usage
2025-11-10 18:00:00+07:00,4.08692113,cpu_usage
2025-11-10 18:10:00+07:00,3.202542082,cpu_usage
2025-11-10 18:20:00+07:00,3.50823769,cpu_usage
2025-11-10 18:30:00+07:00,3.713326027,cpu_usage
2025-11-10 18:40:00+07:00,3.588776667,cpu_usage
2025-11-10 18:50:00+07:00,2.845731526,cpu_usage
2025-11-10 19:00:00+07:00,3.697628101,cpu_usage
2025-11-10 19:10:00+07:00,3.694192175,cpu_usage
2025-11-10 19:20:00+07:00,3.949996331,cpu_usage
2025-11-10 19:30:00+07:00,4.023690982,cpu_usage
2025-11-10 19:40:00+07:00,3.243441783,cpu_usage
2025-11-10 19:50:00+07:00,3.109504654,cpu_usage
2025-11-10 20:00:00+07:00,3.822417159,cpu_usage
2025-11-10 20:10:00+07:00,2.959932612,cpu_usage
2025-11-10 20:20:00+07:00,3.512782502,cpu_usage
2025-11-10 20:30:00+07:00,2.964922042,cpu_usage
2025-11-10 20:40:00+07:00,3.742227469,cpu_usage
2025-11-10 20:50:00+07:00,4.076697559,cpu_usage
2025-11-10 21:00:00+07:00,3.963491746,cpu_usage
2025-11-10 21:10:00+07:00,3.361820904,cpu_usage
2025-11-10 21:20:00+07:00,3.880045966,cpu_usage
2025-11-10 21:30:00+07:00,2.965604729,cpu_usage
2025-11-10 21:40:00+07:00,3.809900885,cpu_usage
2025-11-10 21:50:00+07:00,3.393238333,cpu_usage
2025-11-10 22:00:00+07:00,2.305124943,cpu_usage
2025-11-10 22:10:00+07:00,2.5189851,cpu_usage
2025-11-10 22:20:00+07:00,1.895154752,cpu_usage
2025-11-10 22:30:00+07:00,2.760755797,cpu_usage
2025-11-10 22:40:00+07:00,2.429698165,cpu_usage
2025-11-10 22:50:00+07:00,2.226203345,cpu_usage
2025-11-10 23:00:00+07:00,3.339714505,cpu_usage
2025-11-10 23:10:00+07:00,1.800388716,cpu_usage
2025-11-10 23:20:00+07:00,3.066175472,cpu_usage
2025-11-10 23:30:00+07:00,2.96949288,cpu_usage
2025-11-10 23:40:00+07:00,3.023435606,cpu_usage
2025-11-10 23:50:00+07:00,1.827465877,cpu_usage
